广东	汕头	石化	DTY	一口价	0	1	600 	650 	6000	10000
广东	普宁	石化	DTY	一口价	0	1	600 	650 	6001	10001
广东	江门	石化	DTY	一口价	0	1	800 	850 	6002	10002
广东	鹤山	石化	DTY	一口价	0	1	800 	850 	6003	10003
广东	广州	石化	DTY	一口价	0	1	700 	750 	6004	10004
广东	佛山	石化	DTY	一口价	0	1	700 	750 	6005	10005
广东	东莞	石化	DTY	一口价	0	1	720 	770 	6006	10006
广东	惠州市	石化	DTY	一口价	0	1	720 	770 	6007	10007
广东	揭阳	石化	DTY	一口价	0	1	900 	960 	6008	10008
广东	深圳	石化	DTY	一口价	0	1	930 	990 	6009	10009
广东	中山市	石化	DTY	一口价	0	1	875 	930 	6010	10010
福建	晋江	石化	DTY	一口价	0	1	465 	500 	6011	10011
福建	厦门	石化	DTY	一口价	0	1	520 	560 	6012	10012
福建	长乐	石化	DTY	一口价	0	1	465 	500 	6013	10013
福建	泉州	石化	DTY	一口价	0	1	465 	500 	6014	10014
福建	福州	石化	DTY	一口价	0	1	465 	500 	6015	10015
福建	福清	石化	DTY	一口价	0	1	700 	750 	6016	10016
福建	永泰县	石化	DTY	一口价	0	1	730 	780 	6017	10017
福建	漳州	石化	DTY	一口价	0	1	520 	560 	6018	10018
山东省	济宁市	石化	DTY	一口价	0	1	435 	470 	6019	10019
山东省	济南市	石化	DTY	一口价	0	1	570 	610 	6020	10020
山东省	青岛市	石化	DTY	一口价	0	1	435 	470 	6021	10021
山东省	淄博市	石化	DTY	一口价	0	1	435 	470 	6022	10022
山东省	枣庄市	石化	DTY	一口价	0	1	345 	370 	6023	10023
山东省	东营市	石化	DTY	一口价	0	1	570 	610 	6024	10024
山东省	潍坊市	石化	DTY	一口价	0	1	420 	450 	6025	10025
山东省	烟台市	石化	DTY	一口价	0	1	465 	500 	6026	10026
山东省	威海市	石化	DTY	一口价	0	1	465 	500 	6027	10027
山东省	莱芜市	石化	DTY	一口价	0	1	390 	420 	6028	10028
山东省	德州市	石化	DTY	一口价	0	1	435 	470 	6029	10029
山东省	临沂市	石化	DTY	一口价	0	1	355 	380 	6030	10030
山东省	聊城市	石化	DTY	一口价	0	1	405 	440 	6031	10031
山东省	滨州市	石化	DTY	一口价	0	1	405 	440 	6032	10032
山东省	菏泽市	石化	DTY	一口价	0	1	405 	440 	6033	10033
山东省	日照市	石化	DTY	一口价	0	1	405 	440 	6034	10034
山东省	泰安市	石化	DTY	一口价	0	1	405 	440 	6035	10035
江西	抚州	石化	DTY	一口价	0	1	420 	450 	6036	10036
江西	赣州市	石化	DTY	一口价	0	1	525 	570 	6037	10037
江西	吉安市	石化	DTY	一口价	0	1	480 	520 	6038	10038
江西	九江市	石化	DTY	一口价	0	1	420 	450 	6039	10039
江西	南昌市	石化	DTY	一口价	0	1	450 	480 	6040	10040
江西	上饶市	石化	DTY	一口价	0	1	315 	340 	6041	10041
江西	宜春市	石化	DTY	一口价	0	1	370 	400 	6042	10042
江西	鹰潭市	石化	DTY	一口价	0	1	375 	400 	6043	10043
重庆市	重庆市	石化	DTY	一口价	0	1	1130 	1200 	6044	10044
湖北	宜昌市	石化	DTY	一口价	0	1	540 	580 	6045	10045
湖北	孝感市	石化	DTY	一口价	0	1	495 	530 	6046	10046
湖北	襄樊市	石化	DTY	一口价	0	1	570 	610 	6047	10047
湖北	咸宁市	石化	DTY	一口价	0	1	495 	530 	6048	10048
湖北	武汉市	石化	DTY	一口价	0	1	450 	480 	6049	10049
湖北	随州市	石化	DTY	一口价	0	1	570 	610 	6050	10050
湖北	十堰市	石化	DTY	一口价	0	1	570 	610 	6051	10051
湖北	荆州市	石化	DTY	一口价	0	1	540 	580 	6052	10052
湖北	黄石市	石化	DTY	一口价	0	1	495 	530 	6053	10053
湖北	仙桃	石化	DTY	一口价	0	1	720 	770 	6054	10054
湖北	天门	石化	DTY	一口价	0	1	520 	560 	6055	10055
湖北	黄岗	石化	DTY	一口价	0	1	460 	490 	6056	10056
河北省	石家庄市	石化	DTY	一口价	0	1	525 	570 	6057	10057
河北省	邯郸市	石化	DTY	一口价	0	1	525 	570 	6058	10058
河北省	邢台市	石化	DTY	一口价	0	1	525 	570 	6059	10059
河北省	保定市	石化	DTY	一口价	0	1	525 	570 	6060	10060
河北省	张家口市	石化	DTY	一口价	0	1	525 	570 	6061	10061
河北省	承德市	石化	DTY	一口价	0	1	615 	660 	6062	10062
河北省	秦皇岛市	石化	DTY	一口价	0	1	585 	630 	6063	10063
河北省	唐山市	石化	DTY	一口价	0	1	585 	630 	6064	10064
河北省	沧州市	石化	DTY	一口价	0	1	525 	570 	6065	10065
河北省	廊坊市	石化	DTY	一口价	0	1	585 	630 	6066	10066
河北省	晋州	石化	DTY	一口价	0	1	795 	850 	6067	10067
河北省	衡水市	石化	DTY	一口价	0	1	525 	570 	6068	10068
河南省	郑州市	石化	DTY	一口价	0	1	510 	550 	6069	10069
河南省	开封市	石化	DTY	一口价	0	1	465 	500 	6070	10070
河南省	洛阳市	石化	DTY	一口价	0	1	465 	500 	6071	10071
河南省	平顶山市	石化	DTY	一口价	0	1	465 	500 	6072	10072
河南省	焦作市	石化	DTY	一口价	0	1	465 	500 	6073	10073
河南省	新乡市	石化	DTY	一口价	0	1	465 	500 	6074	10074
河南省	安阳市	石化	DTY	一口价	0	1	525 	570 	6075	10075
河南省	鹤壁市	石化	DTY	一口价	0	1	570 	610 	6076	10076
河南省	濮阳市	石化	DTY	一口价	0	1	525 	570 	6077	10077
河南省	许昌市	石化	DTY	一口价	0	1	465 	500 	6078	10078
河南省	漯河市	石化	DTY	一口价	0	1	465 	500 	6079	10079
河南省	三门峡市	石化	DTY	一口价	0	1	525 	570 	6080	10080
河南省	南阳市	石化	DTY	一口价	0	1	480 	520 	6081	10081
河南省	商丘市	石化	DTY	一口价	0	1	465 	500 	6082	10082
河南省	周口市	石化	DTY	一口价	0	1	465 	500 	6083	10083
河南省	驻马店市	石化	DTY	一口价	0	1	480 	520 	6084	10084
河南省	信阳市	石化	DTY	一口价	0	1	465 	500 	6085	10085
河南省	济源市	石化	DTY	一口价	0	1	480 	520 	6086	10086
安徽省	黄山市	石化	DTY	一口价	0	1	300 	330 	6087	10087
安徽省	滁州市	石化	DTY	一口价	0	1	345 	370 	6088	10088
安徽省	毫州市	石化	DTY	一口价	0	1	325 	350 	6089	10089
安徽省	宿州市	石化	DTY	一口价	0	1	325 	350 	6090	10090
安徽省	六安市	石化	DTY	一口价	0	1	325 	350 	6091	10091
安徽省	淮南市	石化	DTY	一口价	0	1	390 	420 	6092	10092
安徽省	合肥市	石化	DTY	一口价	0	1	375 	400 	6093	10093
安徽省	阜阳市	石化	DTY	一口价	0	1	375 	400 	6094	10094
安徽省	池州市	石化	DTY	一口价	0	1	390 	420 	6095	10095
安徽省	巢湖市	石化	DTY	一口价	0	1	390 	420 	6096	10096
安徽省	铜陵市	石化	DTY	一口价	0	1	390 	420 	6097	10097
安徽省	芜湖市	石化	DTY	一口价	0	1	330 	360 	6098	10098
安徽省	马鞍山市	石化	DTY	一口价	0	1	330 	360 	6099	10099
安徽省	宣城市	石化	DTY	一口价	0	1	300 	330 	6100	10100
安徽省	蚌埠市	石化	DTY	一口价	0	1	345 	370 	6101	10101
安徽省	安庆市	石化	DTY	一口价	0	1	325 	350 	6102	10102
湖南省	湘潭市	石化	DTY	一口价	0	1	705 	750 	6103	10103
湖南省	永州市	石化	DTY	一口价	0	1	525 	570 	6104	10104
湖南省	怀化市	石化	DTY	一口价	0	1	840 	890 	6105	10105
湖南省	长沙市	石化	DTY	一口价	0	1	705 	750 	6106	10106
辽宁省	鞍山市	石化	DTY	一口价	0	1	750 	800 	6107	10107
辽宁省	大连市	石化	DTY	一口价	0	1	735 	780 	6108	10108
辽宁省	抚顺市	石化	DTY	一口价	0	1	735 	780 	6109	10109
辽宁省	辽阳市	石化	DTY	一口价	0	1	750 	800 	6110	10110
辽宁省	沈阳市	石化	DTY	一口价	0	1	735 	780 	6111	10111
辽宁省	丹东	石化	DTY	一口价	0	1	940 	1000 	6112	10112
辽宁省	营口市	石化	DTY	一口价	0	1	750 	800 	6113	10113
四川	南充	石化	DTY	一口价	0	1	1000 	1060 	6114	10114
广东	汕头	石化	DTY	按单价	1	3	600 	650 	6115	10115
广东	普宁	石化	DTY	按单价	1	3	600 	650 	6116	10116
广东	江门	石化	DTY	按单价	1	3	800 	850 	6117	10117
广东	鹤山	石化	DTY	按单价	1	3	800 	850 	6118	10118
广东	广州	石化	DTY	按单价	1	3	700 	750 	6119	10119
广东	佛山	石化	DTY	按单价	1	3	700 	750 	6120	10120
广东	东莞	石化	DTY	按单价	1	3	720 	770 	6121	10121
广东	惠州市	石化	DTY	按单价	1	3	720 	770 	6122	10122
广东	揭阳	石化	DTY	按单价	1	3	900 	960 	6123	10123
广东	深圳	石化	DTY	按单价	1	3	930 	990 	6124	10124
广东	中山市	石化	DTY	按单价	1	3	875 	930 	6125	10125
福建	晋江	石化	DTY	按单价	1	3	465 	500 	6126	10126
福建	厦门	石化	DTY	按单价	1	3	520 	560 	6127	10127
福建	长乐	石化	DTY	按单价	1	3	465 	500 	6128	10128
福建	泉州	石化	DTY	按单价	1	3	465 	500 	6129	10129
福建	福州	石化	DTY	按单价	1	3	465 	500 	6130	10130
福建	福清	石化	DTY	按单价	1	3	700 	750 	6131	10131
福建	永泰县	石化	DTY	按单价	1	3	730 	780 	6132	10132
福建	漳州	石化	DTY	按单价	1	3	520 	560 	6133	10133
山东省	济宁市	石化	DTY	按单价	1	3	435 	470 	6134	10134
山东省	济南市	石化	DTY	按单价	1	3	570 	610 	6135	10135
山东省	青岛市	石化	DTY	按单价	1	3	435 	470 	6136	10136
山东省	淄博市	石化	DTY	按单价	1	3	435 	470 	6137	10137
山东省	枣庄市	石化	DTY	按单价	1	3	345 	370 	6138	10138
山东省	东营市	石化	DTY	按单价	1	3	570 	610 	6139	10139
山东省	潍坊市	石化	DTY	按单价	1	3	420 	450 	6140	10140
山东省	烟台市	石化	DTY	按单价	1	3	465 	500 	6141	10141
山东省	威海市	石化	DTY	按单价	1	3	465 	500 	6142	10142
山东省	莱芜市	石化	DTY	按单价	1	3	390 	420 	6143	10143
山东省	德州市	石化	DTY	按单价	1	3	435 	470 	6144	10144
山东省	临沂市	石化	DTY	按单价	1	3	355 	380 	6145	10145
山东省	聊城市	石化	DTY	按单价	1	3	405 	440 	6146	10146
山东省	滨州市	石化	DTY	按单价	1	3	405 	440 	6147	10147
山东省	菏泽市	石化	DTY	按单价	1	3	405 	440 	6148	10148
山东省	日照市	石化	DTY	按单价	1	3	405 	440 	6149	10149
山东省	泰安市	石化	DTY	按单价	1	3	405 	440 	6150	10150
江西	抚州	石化	DTY	按单价	1	3	420 	450 	6151	10151
江西	赣州市	石化	DTY	按单价	1	3	525 	570 	6152	10152
江西	吉安市	石化	DTY	按单价	1	3	480 	520 	6153	10153
江西	九江市	石化	DTY	按单价	1	3	420 	450 	6154	10154
江西	南昌市	石化	DTY	按单价	1	3	450 	480 	6155	10155
江西	上饶市	石化	DTY	按单价	1	3	315 	340 	6156	10156
江西	宜春市	石化	DTY	按单价	1	3	370 	400 	6157	10157
江西	鹰潭市	石化	DTY	按单价	1	3	375 	400 	6158	10158
重庆市	重庆市	石化	DTY	按单价	1	3	1130 	1200 	6159	10159
湖北	宜昌市	石化	DTY	按单价	1	3	540 	580 	6160	10160
湖北	孝感市	石化	DTY	按单价	1	3	495 	530 	6161	10161
湖北	襄樊市	石化	DTY	按单价	1	3	570 	610 	6162	10162
湖北	咸宁市	石化	DTY	按单价	1	3	495 	530 	6163	10163
湖北	武汉市	石化	DTY	按单价	1	3	450 	480 	6164	10164
湖北	随州市	石化	DTY	按单价	1	3	570 	610 	6165	10165
湖北	十堰市	石化	DTY	按单价	1	3	570 	610 	6166	10166
湖北	荆州市	石化	DTY	按单价	1	3	540 	580 	6167	10167
湖北	黄石市	石化	DTY	按单价	1	3	495 	530 	6168	10168
湖北	仙桃	石化	DTY	按单价	1	3	720 	770 	6169	10169
湖北	天门	石化	DTY	按单价	1	3	520 	560 	6170	10170
湖北	黄岗	石化	DTY	按单价	1	3	460 	490 	6171	10171
河北省	石家庄市	石化	DTY	按单价	1	3	525 	570 	6172	10172
河北省	邯郸市	石化	DTY	按单价	1	3	525 	570 	6173	10173
河北省	邢台市	石化	DTY	按单价	1	3	525 	570 	6174	10174
河北省	保定市	石化	DTY	按单价	1	3	525 	570 	6175	10175
河北省	张家口市	石化	DTY	按单价	1	3	525 	570 	6176	10176
河北省	承德市	石化	DTY	按单价	1	3	615 	660 	6177	10177
河北省	秦皇岛市	石化	DTY	按单价	1	3	585 	630 	6178	10178
河北省	唐山市	石化	DTY	按单价	1	3	585 	630 	6179	10179
河北省	沧州市	石化	DTY	按单价	1	3	525 	570 	6180	10180
河北省	廊坊市	石化	DTY	按单价	1	3	585 	630 	6181	10181
河北省	晋州	石化	DTY	按单价	1	3	795 	850 	6182	10182
河北省	衡水市	石化	DTY	按单价	1	3	525 	570 	6183	10183
河南省	郑州市	石化	DTY	按单价	1	3	510 	550 	6184	10184
河南省	开封市	石化	DTY	按单价	1	3	465 	500 	6185	10185
河南省	洛阳市	石化	DTY	按单价	1	3	465 	500 	6186	10186
河南省	平顶山市	石化	DTY	按单价	1	3	465 	500 	6187	10187
河南省	焦作市	石化	DTY	按单价	1	3	465 	500 	6188	10188
河南省	新乡市	石化	DTY	按单价	1	3	465 	500 	6189	10189
河南省	安阳市	石化	DTY	按单价	1	3	525 	570 	6190	10190
河南省	鹤壁市	石化	DTY	按单价	1	3	570 	610 	6191	10191
河南省	濮阳市	石化	DTY	按单价	1	3	525 	570 	6192	10192
河南省	许昌市	石化	DTY	按单价	1	3	465 	500 	6193	10193
河南省	漯河市	石化	DTY	按单价	1	3	465 	500 	6194	10194
河南省	三门峡市	石化	DTY	按单价	1	3	525 	570 	6195	10195
河南省	南阳市	石化	DTY	按单价	1	3	480 	520 	6196	10196
河南省	商丘市	石化	DTY	按单价	1	3	465 	500 	6197	10197
河南省	周口市	石化	DTY	按单价	1	3	465 	500 	6198	10198
河南省	驻马店市	石化	DTY	按单价	1	3	480 	520 	6199	10199
河南省	信阳市	石化	DTY	按单价	1	3	465 	500 	6200	10200
河南省	济源市	石化	DTY	按单价	1	3	480 	520 	6201	10201
安徽省	黄山市	石化	DTY	按单价	1	3	300 	330 	6202	10202
安徽省	滁州市	石化	DTY	按单价	1	3	345 	370 	6203	10203
安徽省	毫州市	石化	DTY	按单价	1	3	325 	350 	6204	10204
安徽省	宿州市	石化	DTY	按单价	1	3	325 	350 	6205	10205
安徽省	六安市	石化	DTY	按单价	1	3	325 	350 	6206	10206
安徽省	淮南市	石化	DTY	按单价	1	3	390 	420 	6207	10207
安徽省	合肥市	石化	DTY	按单价	1	3	375 	400 	6208	10208
安徽省	阜阳市	石化	DTY	按单价	1	3	375 	400 	6209	10209
安徽省	池州市	石化	DTY	按单价	1	3	390 	420 	6210	10210
安徽省	巢湖市	石化	DTY	按单价	1	3	390 	420 	6211	10211
安徽省	铜陵市	石化	DTY	按单价	1	3	390 	420 	6212	10212
安徽省	芜湖市	石化	DTY	按单价	1	3	330 	360 	6213	10213
安徽省	马鞍山市	石化	DTY	按单价	1	3	330 	360 	6214	10214
安徽省	宣城市	石化	DTY	按单价	1	3	300 	330 	6215	10215
安徽省	蚌埠市	石化	DTY	按单价	1	3	345 	370 	6216	10216
安徽省	安庆市	石化	DTY	按单价	1	3	325 	350 	6217	10217
湖南省	湘潭市	石化	DTY	按单价	1	3	705 	750 	6218	10218
湖南省	永州市	石化	DTY	按单价	1	3	525 	570 	6219	10219
湖南省	怀化市	石化	DTY	按单价	1	3	840 	890 	6220	10220
湖南省	长沙市	石化	DTY	按单价	1	3	705 	750 	6221	10221
辽宁省	鞍山市	石化	DTY	按单价	1	3	750 	800 	6222	10222
辽宁省	大连市	石化	DTY	按单价	1	3	735 	780 	6223	10223
辽宁省	抚顺市	石化	DTY	按单价	1	3	735 	780 	6224	10224
辽宁省	辽阳市	石化	DTY	按单价	1	3	750 	800 	6225	10225
辽宁省	沈阳市	石化	DTY	按单价	1	3	735 	780 	6226	10226
辽宁省	丹东	石化	DTY	按单价	1	3	940 	1000 	6227	10227
辽宁省	营口市	石化	DTY	按单价	1	3	750 	800 	6228	10228
四川	南充	石化	DTY	按单价	1	3	1000 	1060 	6229	10229
广东	汕头	石化	DTY	按单价	3	12	380 	410 	6230	10230
广东	普宁	石化	DTY	按单价	3	12	380 	410 	6231	10231
广东	江门	石化	DTY	按单价	3	12	480 	520 	6232	10232
广东	鹤山	石化	DTY	按单价	3	12	480 	520 	6233	10233
广东	广州	石化	DTY	按单价	3	12	450 	480 	6234	10234
广东	佛山	石化	DTY	按单价	3	12	450 	480 	6235	10235
广东	东莞	石化	DTY	按单价	3	12	530 	570 	6236	10236
广东	惠州市	石化	DTY	按单价	3	12	550 	600 	6237	10237
广东	揭阳	石化	DTY	按单价	3	12	550 	600 	6238	10238
广东	深圳	石化	DTY	按单价	3	12	650 	700 	6239	10239
广东	中山市	石化	DTY	按单价	3	12	650 	700 	6240	10240
福建	晋江	石化	DTY	按单价	3	12	350 	400 	6241	10241
福建	厦门	石化	DTY	按单价	3	12	360 	400 	6242	10242
福建	长乐	石化	DTY	按单价	3	12	330 	360 	6243	10243
福建	泉州	石化	DTY	按单价	3	12	330 	360 	6244	10244
福建	福州	石化	DTY	按单价	3	12	330 	360 	6245	10245
福建	福清	石化	DTY	按单价	3	12	350 	380 	6246	10246
福建	永泰县	石化	DTY	按单价	3	12	485 	520 	6247	10247
福建	漳州	石化	DTY	按单价	3	12	360 	400 	6248	10248
山东省	济宁市	石化	DTY	按单价	3	12	310 	340 	6249	10249
山东省	济南市	石化	DTY	按单价	3	12	400 	440 	6250	10250
山东省	青岛市	石化	DTY	按单价	3	12	300 	330 	6251	10251
山东省	淄博市	石化	DTY	按单价	3	12	300 	330 	6252	10252
山东省	枣庄市	石化	DTY	按单价	3	12	250 	280 	6253	10253
山东省	东营市	石化	DTY	按单价	3	12	390 	430 	6254	10254
山东省	潍坊市	石化	DTY	按单价	3	12	300 	330 	6255	10255
山东省	烟台市	石化	DTY	按单价	3	12	320 	350 	6256	10256
山东省	威海市	石化	DTY	按单价	3	12	320 	350 	6257	10257
山东省	莱芜市	石化	DTY	按单价	3	12	280 	310 	6258	10258
山东省	德州市	石化	DTY	按单价	3	12	300 	330 	6259	10259
山东省	临沂市	石化	DTY	按单价	3	12	255 	280 	6260	10260
山东省	聊城市	石化	DTY	按单价	3	12	290 	320 	6261	10261
山东省	滨州市	石化	DTY	按单价	3	12	290 	320 	6262	10262
山东省	菏泽市	石化	DTY	按单价	3	12	290 	320 	6263	10263
山东省	日照市	石化	DTY	按单价	3	12	290 	320 	6264	10264
山东省	泰安市	石化	DTY	按单价	3	12	290 	320 	6265	10265
江西	抚州	石化	DTY	按单价	3	12	300 	330 	6266	10266
江西	赣州市	石化	DTY	按单价	3	12	370 	400 	6267	10267
江西	吉安市	石化	DTY	按单价	3	12	360 	390 	6268	10268
江西	九江市	石化	DTY	按单价	3	12	290 	320 	6269	10269
江西	南昌市	石化	DTY	按单价	3	12	310 	340 	6270	10270
江西	上饶市	石化	DTY	按单价	3	12	225 	250 	6271	10271
江西	宜春市	石化	DTY	按单价	3	12	260 	290 	6272	10272
江西	鹰潭市	石化	DTY	按单价	3	12	260 	290 	6273	10273
重庆市	重庆市	石化	DTY	按单价	3	12	780 	840 	6274	10274
湖北	宜昌市	石化	DTY	按单价	3	12	380 	420 	6275	10275
湖北	孝感市	石化	DTY	按单价	3	12	350 	380 	6276	10276
湖北	襄樊市	石化	DTY	按单价	3	12	400 	440 	6277	10277
湖北	咸宁市	石化	DTY	按单价	3	12	350 	380 	6278	10278
湖北	武汉市	石化	DTY	按单价	3	12	330 	360 	6279	10279
湖北	随州市	石化	DTY	按单价	3	12	400 	440 	6280	10280
湖北	十堰市	石化	DTY	按单价	3	12	400 	440 	6281	10281
湖北	荆州市	石化	DTY	按单价	3	12	380 	420 	6282	10282
湖北	黄石市	石化	DTY	按单价	3	12	350 	380 	6283	10283
湖北	仙桃	石化	DTY	按单价	3	12	500 	550 	6284	10284
湖北	天门	石化	DTY	按单价	3	12	365 	400 	6285	10285
湖北	黄岗	石化	DTY	按单价	3	12	320 	350 	6286	10286
河北省	石家庄市	石化	DTY	按单价	3	12	360 	400 	6287	10287
河北省	邯郸市	石化	DTY	按单价	3	12	360 	400 	6288	10288
河北省	邢台市	石化	DTY	按单价	3	12	360 	400 	6289	10289
河北省	保定市	石化	DTY	按单价	3	12	360 	400 	6290	10290
河北省	张家口市	石化	DTY	按单价	3	12	360 	400 	6291	10291
河北省	承德市	石化	DTY	按单价	3	12	430 	470 	6292	10292
河北省	秦皇岛市	石化	DTY	按单价	3	12	400 	440 	6293	10293
河北省	唐山市	石化	DTY	按单价	3	12	400 	440 	6294	10294
河北省	沧州市	石化	DTY	按单价	3	12	370 	400 	6295	10295
河北省	廊坊市	石化	DTY	按单价	3	12	410 	450 	6296	10296
河北省	晋州	石化	DTY	按单价	3	12	550 	600 	6297	10297
河北省	衡水市	石化	DTY	按单价	3	12	370 	400 	6298	10298
河南省	郑州市	石化	DTY	按单价	3	12	360 	400 	6299	10299
河南省	开封市	石化	DTY	按单价	3	12	330 	360 	6300	10300
河南省	洛阳市	石化	DTY	按单价	3	12	330 	360 	6301	10301
河南省	平顶山市	石化	DTY	按单价	3	12	330 	360 	6302	10302
河南省	焦作市	石化	DTY	按单价	3	12	330 	360 	6303	10303
河南省	新乡市	石化	DTY	按单价	3	12	330 	360 	6304	10304
河南省	安阳市	石化	DTY	按单价	3	12	370 	400 	6305	10305
河南省	鹤壁市	石化	DTY	按单价	3	12	400 	440 	6306	10306
河南省	濮阳市	石化	DTY	按单价	3	12	370 	400 	6307	10307
河南省	许昌市	石化	DTY	按单价	3	12	330 	360 	6308	10308
河南省	漯河市	石化	DTY	按单价	3	12	330 	360 	6309	10309
河南省	三门峡市	石化	DTY	按单价	3	12	380 	420 	6310	10310
河南省	南阳市	石化	DTY	按单价	3	12	335 	370 	6311	10311
河南省	商丘市	石化	DTY	按单价	3	12	330 	370 	6312	10312
河南省	周口市	石化	DTY	按单价	3	12	330 	370 	6313	10313
河南省	驻马店市	石化	DTY	按单价	3	12	335 	370 	6314	10314
河南省	信阳市	石化	DTY	按单价	3	12	330 	370 	6315	10315
河南省	济源市	石化	DTY	按单价	3	12	335 	370 	6316	10316
安徽省	黄山市	石化	DTY	按单价	3	12	220 	250 	6317	10317
安徽省	滁州市	石化	DTY	按单价	3	12	255 	290 	6318	10318
安徽省	毫州市	石化	DTY	按单价	3	12	235 	270 	6319	10319
安徽省	宿州市	石化	DTY	按单价	3	12	235 	270 	6320	10320
安徽省	六安市	石化	DTY	按单价	3	12	235 	270 	6321	10321
安徽省	淮南市	石化	DTY	按单价	3	12	270 	300 	6322	10322
安徽省	合肥市	石化	DTY	按单价	3	12	260 	300 	6323	10323
安徽省	阜阳市	石化	DTY	按单价	3	12	260 	300 	6324	10324
安徽省	池州市	石化	DTY	按单价	3	12	270 	300 	6325	10325
安徽省	巢湖市	石化	DTY	按单价	3	12	270 	300 	6326	10326
安徽省	铜陵市	石化	DTY	按单价	3	12	270 	300 	6327	10327
安徽省	芜湖市	石化	DTY	按单价	3	12	235 	260 	6328	10328
安徽省	马鞍山市	石化	DTY	按单价	3	12	230 	260 	6329	10329
安徽省	宣城市	石化	DTY	按单价	3	12	220 	250 	6330	10330
安徽省	蚌埠市	石化	DTY	按单价	3	12	235 	260 	6331	10331
安徽省	安庆市	石化	DTY	按单价	3	12	230 	260 	6332	10332
湖南省	湘潭市	石化	DTY	按单价	3	12	490 	530 	6333	10333
湖南省	永州市	石化	DTY	按单价	3	12	370 	400 	6334	10334
湖南省	怀化市	石化	DTY	按单价	3	12	580 	630 	6335	10335
湖南省	长沙市	石化	DTY	按单价	3	12	480 	530 	6336	10336
辽宁省	鞍山市	石化	DTY	按单价	3	12	520 	560 	6337	10337
辽宁省	大连市	石化	DTY	按单价	3	12	510 	550 	6338	10338
辽宁省	抚顺市	石化	DTY	按单价	3	12	510 	550 	6339	10339
辽宁省	辽阳市	石化	DTY	按单价	3	12	520 	560 	6340	10340
辽宁省	沈阳市	石化	DTY	按单价	3	12	510 	550 	6341	10341
辽宁省	丹东	石化	DTY	按单价	3	12	650 	700 	6342	10342
辽宁省	营口市	石化	DTY	按单价	3	12	520 	570 	6343	10343
四川	南充	石化	DTY	按单价	3	12	690 	750 	6344	10344
广东	汕头	石化	DTY	按单价	12	9999	355	380 	6345	10345
广东	普宁	石化	DTY	按单价	12	9999	355	380 	6346	10346
广东	江门	石化	DTY	按单价	12	9999	450	480 	6347	10347
广东	鹤山	石化	DTY	按单价	12	9999	450	480 	6348	10348
广东	广州	石化	DTY	按单价	12	9999	435	470 	6349	10349
广东	佛山	石化	DTY	按单价	12	9999	435	470 	6350	10350
广东	东莞	石化	DTY	按单价	12	9999	450	480 	6351	10351
广东	惠州市	石化	DTY	按单价	12	9999	480	520 	6352	10352
广东	揭阳	石化	DTY	按单价	12	9999	500 	540 	6353	10353
广东	深圳	石化	DTY	按单价	12	9999	550 	600 	6354	10354
广东	中山市	石化	DTY	按单价	12	9999	550 	600 	6355	10355
福建	晋江	石化	DTY	按单价	12	9999	310	330 	6356	10356
福建	厦门	石化	DTY	按单价	12	9999	345	370 	6357	10357
福建	长乐	石化	DTY	按单价	12	9999	310	330 	6358	10358
福建	泉州	石化	DTY	按单价	12	9999	310	330 	6359	10359
福建	福州	石化	DTY	按单价	12	9999	310	330 	6360	10360
福建	福清	石化	DTY	按单价	12	9999	340 	370 	6361	10361
福建	永泰县	石化	DTY	按单价	12	9999	450 	500 	6362	10362
福建	漳州	石化	DTY	按单价	12	9999	345	370 	6363	10363
山东省	济宁市	石化	DTY	按单价	12	9999	290	310	6364	10364
山东省	济南市	石化	DTY	按单价	12	9999	380	405	6365	10365
山东省	青岛市	石化	DTY	按单价	12	9999	290	310	6366	10366
山东省	淄博市	石化	DTY	按单价	12	9999	290	310	6367	10367
山东省	枣庄市	石化	DTY	按单价	12	9999	230	245	6368	10368
山东省	东营市	石化	DTY	按单价	12	9999	380	405	6369	10369
山东省	潍坊市	石化	DTY	按单价	12	9999	280	300	6370	10370
山东省	烟台市	石化	DTY	按单价	12	9999	310	330 	6371	10371
山东省	威海市	石化	DTY	按单价	12	9999	310	330 	6372	10372
山东省	莱芜市	石化	DTY	按单价	12	9999	260	280	6373	10373
山东省	德州市	石化	DTY	按单价	12	9999	290	310	6374	10374
山东省	临沂市	石化	DTY	按单价	12	9999	235	260	6375	10375
山东省	聊城市	石化	DTY	按单价	12	9999	270	290	6376	10376
山东省	滨州市	石化	DTY	按单价	12	9999	270	290	6377	10377
山东省	菏泽市	石化	DTY	按单价	12	9999	270	290	6378	10378
山东省	日照市	石化	DTY	按单价	12	9999	270	290	6379	10379
山东省	泰安市	石化	DTY	按单价	12	9999	270	290	6380	10380
江西	抚州	石化	DTY	按单价	12	9999	280	300	6381	10381
江西	赣州市	石化	DTY	按单价	12	9999	350	380	6382	10382
江西	吉安市	石化	DTY	按单价	12	9999	350	380	6383	10383
江西	九江市	石化	DTY	按单价	12	9999	280	300	6384	10384
江西	南昌市	石化	DTY	按单价	12	9999	300	330	6385	10385
江西	上饶市	石化	DTY	按单价	12	9999	210	230	6386	10386
江西	宜春市	石化	DTY	按单价	12	9999	245	270	6387	10387
江西	鹰潭市	石化	DTY	按单价	12	9999	245	270	6388	10388
重庆市	重庆市	石化	DTY	按单价	12	9999	755	810	6389	10389
湖北	宜昌市	石化	DTY	按单价	12	9999	360	390	6390	10390
湖北	孝感市	石化	DTY	按单价	12	9999	330	360	6391	10391
湖北	襄樊市	石化	DTY	按单价	12	9999	380	410	6392	10392
湖北	咸宁市	石化	DTY	按单价	12	9999	330	360	6393	10393
湖北	武汉市	石化	DTY	按单价	12	9999	300	330	6394	10394
湖北	随州市	石化	DTY	按单价	12	9999	380	410	6395	10395
湖北	十堰市	石化	DTY	按单价	12	9999	380	410	6396	10396
湖北	荆州市	石化	DTY	按单价	12	9999	360	390	6397	10397
湖北	黄石市	石化	DTY	按单价	12	9999	330	360	6398	10398
湖北	仙桃	石化	DTY	按单价	12	9999	480 	520	6399	10399
湖北	天门	石化	DTY	按单价	12	9999	350 	380	6400	10400
湖北	黄岗	石化	DTY	按单价	12	9999	305	330	6401	10401
河北省	石家庄市	石化	DTY	按单价	12	9999	350	380	6402	10402
河北省	邯郸市	石化	DTY	按单价	12	9999	350	380	6403	10403
河北省	邢台市	石化	DTY	按单价	12	9999	350	380	6404	10404
河北省	保定市	石化	DTY	按单价	12	9999	350	380	6405	10405
河北省	张家口市	石化	DTY	按单价	12	9999	350	380	6406	10406
河北省	承德市	石化	DTY	按单价	12	9999	410	440	6407	10407
河北省	秦皇岛市	石化	DTY	按单价	12	9999	390	420	6408	10408
河北省	唐山市	石化	DTY	按单价	12	9999	390	420	6409	10409
河北省	沧州市	石化	DTY	按单价	12	9999	350	380	6410	10410
河北省	廊坊市	石化	DTY	按单价	12	9999	390	420	6411	10411
河北省	晋州	石化	DTY	按单价	12	9999	530	570	6412	10412
河北省	衡水市	石化	DTY	按单价	12	9999	350	380	6413	10413
河南省	郑州市	石化	DTY	按单价	12	9999	340	370	6414	10414
河南省	开封市	石化	DTY	按单价	12	9999	310	340 	6415	10415
河南省	洛阳市	石化	DTY	按单价	12	9999	310	340 	6416	10416
河南省	平顶山市	石化	DTY	按单价	12	9999	310	340 	6417	10417
河南省	焦作市	石化	DTY	按单价	12	9999	310	340 	6418	10418
河南省	新乡市	石化	DTY	按单价	12	9999	310	340 	6419	10419
河南省	安阳市	石化	DTY	按单价	12	9999	350	380	6420	10420
河南省	鹤壁市	石化	DTY	按单价	12	9999	380	410	6421	10421
河南省	濮阳市	石化	DTY	按单价	12	9999	350	380	6422	10422
河南省	许昌市	石化	DTY	按单价	12	9999	310	340 	6423	10423
河南省	漯河市	石化	DTY	按单价	12	9999	310	340 	6424	10424
河南省	三门峡市	石化	DTY	按单价	12	9999	350	380	6425	10425
河南省	南阳市	石化	DTY	按单价	12	9999	315	340	6426	10426
河南省	商丘市	石化	DTY	按单价	12	9999	310	340 	6427	10427
河南省	周口市	石化	DTY	按单价	12	9999	310	340 	6428	10428
河南省	驻马店市	石化	DTY	按单价	12	9999	315	340	6429	10429
河南省	信阳市	石化	DTY	按单价	12	9999	310	340 	6430	10430
河南省	济源市	石化	DTY	按单价	12	9999	315	340	6431	10431
安徽省	黄山市	石化	DTY	按单价	12	9999	200	220	6432	10432
安徽省	滁州市	石化	DTY	按单价	12	9999	225	250	6433	10433
安徽省	毫州市	石化	DTY	按单价	12	9999	215	240	6434	10434
安徽省	宿州市	石化	DTY	按单价	12	9999	215	240	6435	10435
安徽省	六安市	石化	DTY	按单价	12	9999	215	240	6436	10436
安徽省	淮南市	石化	DTY	按单价	12	9999	260	280	6437	10437
安徽省	合肥市	石化	DTY	按单价	12	9999	250	270	6438	10438
安徽省	阜阳市	石化	DTY	按单价	12	9999	250	270	6439	10439
安徽省	池州市	石化	DTY	按单价	12	9999	260	280	6440	10440
安徽省	巢湖市	石化	DTY	按单价	12	9999	260	280	6441	10441
安徽省	铜陵市	石化	DTY	按单价	12	9999	260	280	6442	10442
安徽省	芜湖市	石化	DTY	按单价	12	9999	215	240	6443	10443
安徽省	马鞍山市	石化	DTY	按单价	12	9999	220	240	6444	10444
安徽省	宣城市	石化	DTY	按单价	12	9999	200	220	6445	10445
安徽省	蚌埠市	石化	DTY	按单价	12	9999	225	250	6446	10446
安徽省	安庆市	石化	DTY	按单价	12	9999	215	240	6447	10447
湖南省	湘潭市	石化	DTY	按单价	12	9999	470	510	6448	10448
湖南省	永州市	石化	DTY	按单价	12	9999	350	380	6449	10449
湖南省	怀化市	石化	DTY	按单价	12	9999	560 	600	6450	10450
湖南省	长沙市	石化	DTY	按单价	12	9999	470	510	6451	10451
辽宁省	鞍山市	石化	DTY	按单价	12	9999	500	540	6452	10452
辽宁省	大连市	石化	DTY	按单价	12	9999	490	530	6453	10453
辽宁省	抚顺市	石化	DTY	按单价	12	9999	490	530	6454	10454
辽宁省	辽阳市	石化	DTY	按单价	12	9999	500	540	6455	10455
辽宁省	沈阳市	石化	DTY	按单价	12	9999	490	530	6456	10456
辽宁省	丹东	石化	DTY	按单价	12	9999	625 	670	6457	10457
辽宁省	营口市	石化	DTY	按单价	12	9999	500	540	6458	10458
四川	南充	石化	DTY	按单价	12	9999	670 	720	6459	10459
萧山	衙前镇	石化	DTY	一口价	0	4 	120	140	6460	10460
萧山	新街镇	石化	DTY	一口价	0	4 	140	160	6461	10461
萧山	坎山镇	石化	DTY	一口价	0	4 	140	160	6462	10462
萧山	瓜沥镇	石化	DTY	一口价	0	4 	140	160	6463	10463
萧山	红山农场	石化	DTY	一口价	0	4 	140	160	6464	10464
萧山	萧山经济开发区	石化	DTY	一口价	0	4 	156	176	6465	10465
萧山	新塘	石化	DTY	一口价	0	4 	156	176	6466	10466
萧山	靖江	石化	DTY	一口价	0	4 	156	176	6467	10467
萧山	党山	石化	DTY	一口价	0	4 	156	176	6468	10468
萧山	宁围	石化	DTY	一口价	0	4 	156	176	6469	10469
萧山	临江	石化	DTY	一口价	0	4 	168	188	6470	10470
萧山	义蓬	石化	DTY	一口价	0	4 	168	188	6471	10471
萧山	益农	石化	DTY	一口价	0	4 	168	188	6472	10472
萧山	党湾	石化	DTY	一口价	0	4 	168	188	6473	10473
萧山	河庄	石化	DTY	一口价	0	4 	172	192	6474	10474
萧山	新湾	石化	DTY	一口价	0	4 	172	192	6475	10475
萧山	南阳	石化	DTY	一口价	0	4 	172	192	6476	10476
萧山	所前	石化	DTY	一口价	0	4 	172	192	6477	10477
萧山	前进	石化	DTY	一口价	0	4 	172	192	6478	10478
萧山	临浦	石化	DTY	一口价	0	4 	188	208	6479	10479
萧山	进化	石化	DTY	一口价	0	4 	200	220	6480	10480
萧山	义桥	石化	DTY	一口价	0	4 	212	232	6481	10481
萧山	闻堰	石化	DTY	一口价	0	4 	212	232	6482	10482
萧山	浦阳	石化	DTY	一口价	0	4 	224	248	6483	10483
萧山	衙前镇	石化	DTY	按单价	4 	9999 	30	35	6484	10484
萧山	新街镇	石化	DTY	按单价	4 	9999 	35	40	6485	10485
萧山	坎山镇	石化	DTY	按单价	4 	9999 	35	40	6486	10486
萧山	瓜沥镇	石化	DTY	按单价	4 	9999 	35	40	6487	10487
萧山	红山农场	石化	DTY	按单价	4 	9999 	35	40	6488	10488
萧山	经济开发区	石化	DTY	按单价	4 	9999 	39	44	6489	10489
萧山	新塘	石化	DTY	按单价	4 	9999 	39	44	6490	10490
萧山	靖江	石化	DTY	按单价	4 	9999 	39	44	6491	10491
萧山	党山	石化	DTY	按单价	4 	9999 	39	44	6492	10492
萧山	宁围	石化	DTY	按单价	4 	9999 	39	44	6493	10493
萧山	临江	石化	DTY	按单价	4 	9999 	42	47	6494	10494
萧山	义蓬	石化	DTY	按单价	4 	9999 	42	47	6495	10495
萧山	益农	石化	DTY	按单价	4 	9999 	42	47	6496	10496
萧山	党湾	石化	DTY	按单价	4 	9999 	42	47	6497	10497
萧山	河庄	石化	DTY	按单价	4 	9999 	43	48	6498	10498
萧山	新湾	石化	DTY	按单价	4 	9999 	43	48	6499	10499
萧山	南阳	石化	DTY	按单价	4 	9999 	43	48	6500	10500
萧山	所前	石化	DTY	按单价	4 	9999 	43	48	6501	10501
萧山	前进	石化	DTY	按单价	4 	9999 	43	48	6502	10502
萧山	临浦	石化	DTY	按单价	4 	9999 	47	52	6503	10503
萧山	进化	石化	DTY	按单价	4 	9999 	50	55	6504	10504
萧山	义桥	石化	DTY	按单价	4 	9999 	53	58	6505	10505
萧山	闻堰	石化	DTY	按单价	4 	9999 	53	58	6506	10506
萧山	浦阳	石化	DTY	按单价	4 	9999 	56	62	6507	10507
绍兴	钱清	石化	DTY	一口价	0	4 	140	160	6508	10508
绍兴	杨汛桥	石化	DTY	一口价	0	4 	140	160	6509	10509
绍兴	华舍	石化	DTY	一口价	0	4 	152	176	6510	10510
绍兴	夏履	石化	DTY	一口价	0	4 	152	176	6511	10511
绍兴	柯桥街道	石化	DTY	一口价	0	4 	172	192	6512	10512
绍兴	湖塘街道	石化	DTY	一口价	0	4 	172	192	6513	10513
绍兴	齐贤镇	石化	DTY	一口价	0	4 	172	192	6514	10514
绍兴	马鞍镇	石化	DTY	一口价	0	4 	172	192	6515	10515
绍兴	安昌镇	石化	DTY	一口价	0	4 	172	192	6516	10516
绍兴	柯岩街道	石化	DTY	一口价	0	4 	188	208	6517	10517
绍兴	福全镇	石化	DTY	一口价	0	4 	188	208	6518	10518
绍兴	灵芝镇	石化	DTY	一口价	0	4 	188	208	6519	10519
绍兴	东浦镇	石化	DTY	一口价	0	4 	188	208	6520	10520
绍兴	马山镇	石化	DTY	一口价	0	4 	188	208	6521	10521
绍兴	斗门镇	石化	DTY	一口价	0	4 	188	208	6522	10522
绍兴	袍江工业区	石化	DTY	一口价	0	4 	188	208	6523	10523
绍兴	兰亭镇	石化	DTY	一口价	0	4 	200	220	6524	10524
绍兴	漓渚镇	石化	DTY	一口价	0	4 	200	220	6525	10525
绍兴	富盛镇	石化	DTY	一口价	0	4 	200	220	6526	10526
绍兴	陶堰镇	石化	DTY	一口价	0	4 	200	220	6527	10527
绍兴	东湖镇	石化	DTY	一口价	0	4 	200	220	6528	10528
绍兴	鉴湖镇	石化	DTY	一口价	0	4 	200	220	6529	10529
绍兴	皋埠镇	石化	DTY	一口价	0	4 	200	220	6530	10530
绍兴	孙端镇	石化	DTY	一口价	0	4 	220	248	6531	10531
绍兴	钱清	石化	DTY	按单价	4 	9999 	35	40	6532	10532
绍兴	杨汛桥	石化	DTY	按单价	4 	9999 	35	40	6533	10533
绍兴	华舍	石化	DTY	按单价	4 	9999 	38	44	6534	10534
绍兴	夏履	石化	DTY	按单价	4 	9999 	38	44	6535	10535
绍兴	柯桥街道	石化	DTY	按单价	4 	9999 	43	48	6536	10536
绍兴	湖塘街道	石化	DTY	按单价	4 	9999 	43	48	6537	10537
绍兴	齐贤镇	石化	DTY	按单价	4 	9999 	43	48	6538	10538
绍兴	马鞍镇	石化	DTY	按单价	4 	9999 	43	48	6539	10539
绍兴	安昌镇	石化	DTY	按单价	4 	9999 	43	48	6540	10540
绍兴	柯岩街道	石化	DTY	按单价	4 	9999 	47	52	6541	10541
绍兴	福全镇	石化	DTY	按单价	4 	9999 	47	52	6542	10542
绍兴	灵芝镇	石化	DTY	按单价	4 	9999 	47	52	6543	10543
绍兴	东浦镇	石化	DTY	按单价	4 	9999 	47	52	6544	10544
绍兴	马山镇	石化	DTY	按单价	4 	9999 	47	52	6545	10545
绍兴	斗门镇	石化	DTY	按单价	4 	9999 	47	52	6546	10546
绍兴	袍江工业区	石化	DTY	按单价	4 	9999 	47	52	6547	10547
绍兴	兰亭镇	石化	DTY	按单价	4 	9999 	50	55	6548	10548
绍兴	漓渚镇	石化	DTY	按单价	4 	9999 	50	55	6549	10549
绍兴	富盛镇	石化	DTY	按单价	4 	9999 	50	55	6550	10550
绍兴	陶堰镇	石化	DTY	按单价	4 	9999 	50	55	6551	10551
绍兴	东湖镇	石化	DTY	按单价	4 	9999 	50	55	6552	10552
绍兴	鉴湖镇	石化	DTY	按单价	4 	9999 	50	55	6553	10553
绍兴	皋埠镇	石化	DTY	按单价	4 	9999 	50	55	6554	10554
绍兴	孙端镇	石化	DTY	按单价	4 	9999 	55	62	6555	10555
诸暨	次坞镇	石化	DTY	一口价	0	4 	272	300	6556	10556
诸暨	枫桥镇	石化	DTY	一口价	0	4 	272	300	6557	10557
诸暨	店口镇	石化	DTY	一口价	0	4 	272	300	6558	10558
诸暨	东和乡	石化	DTY	一口价	0	4 	300	340	6559	10559
诸暨	东白湖镇	石化	DTY	一口价	0	4 	300	340	6560	10560
诸暨	善终	石化	DTY	一口价	0	4 	300	340	6561	10561
诸暨	岭北镇	石化	DTY	一口价	0	4 	300	340	6562	10562
诸暨	陈宅镇	石化	DTY	一口价	0	4 	300	340	6563	10563
诸暨	璜山镇	石化	DTY	一口价	0	4 	300	340	6564	10564
诸暨	街亭镇	石化	DTY	一口价	0	4 	300	340	6565	10565
诸暨	安华镇	石化	DTY	一口价	0	4 	300	340	6566	10566
诸暨	同山镇	石化	DTY	一口价	0	4 	300	340	6567	10567
诸暨	牌头镇	石化	DTY	一口价	0	4 	300	340	6568	10568
诸暨	王家井镇	石化	DTY	一口价	0	4 	300	340	6569	10569
诸暨	草塔镇	石化	DTY	一口价	0	4 	300	340	6570	10570
诸暨	五泄镇	石化	DTY	一口价	0	4 	300	340	6571	10571
诸暨	马剑镇	石化	DTY	一口价	0	4 	300	340	6572	10572
诸暨	赵家镇	石化	DTY	一口价	0	4 	300	340	6573	10573
诸暨	山下湖镇	石化	DTY	一口价	0	4 	300	340	6574	10574
诸暨	江藻镇	石化	DTY	一口价	0	4 	300	340	6575	10575
诸暨	直埠镇	石化	DTY	一口价	0	4 	300	340	6576	10576
诸暨	阮市镇	石化	DTY	一口价	0	4 	300	340	6577	10577
诸暨	应店街镇	石化	DTY	一口价	0	4 	300	340	6578	10578
诸暨	大唐镇	石化	DTY	一口价	0	4 	300	340	6579	10579
诸暨	陶朱街道	石化	DTY	一口价	0	4 	300	340	6580	10580
诸暨	浣东街道	石化	DTY	一口价	0	4 	300	340	6581	10581
诸暨	暨阳街道	石化	DTY	一口价	0	4 	300	340	6582	10582
诸暨	次坞镇	石化	DTY	按单价	4 	9999 	68	75	6583	10583
诸暨	枫桥镇	石化	DTY	按单价	4 	9999 	68	75	6584	10584
诸暨	店口镇	石化	DTY	按单价	4 	9999 	68	75	6585	10585
诸暨	东和乡	石化	DTY	按单价	4 	9999 	75	85	6586	10586
诸暨	东白湖镇	石化	DTY	按单价	4 	9999 	75	85	6587	10587
诸暨	善终	石化	DTY	按单价	4 	9999 	75	85	6588	10588
诸暨	岭北镇	石化	DTY	按单价	4 	9999 	75	85	6589	10589
诸暨	陈宅镇	石化	DTY	按单价	4 	9999 	75	85	6590	10590
诸暨	璜山镇	石化	DTY	按单价	4 	9999 	75	85	6591	10591
诸暨	街亭镇	石化	DTY	按单价	4 	9999 	75	85	6592	10592
诸暨	安华镇	石化	DTY	按单价	4 	9999 	75	85	6593	10593
诸暨	同山镇	石化	DTY	按单价	4 	9999 	75	85	6594	10594
诸暨	牌头镇	石化	DTY	按单价	4 	9999 	75	85	6595	10595
诸暨	王家井镇	石化	DTY	按单价	4 	9999 	75	85	6596	10596
诸暨	草塔镇	石化	DTY	按单价	4 	9999 	75	85	6597	10597
诸暨	五泄镇	石化	DTY	按单价	4 	9999 	75	85	6598	10598
诸暨	马剑镇	石化	DTY	按单价	4 	9999 	75	85	6599	10599
诸暨	赵家镇	石化	DTY	按单价	4 	9999 	75	85	6600	10600
诸暨	山下湖镇	石化	DTY	按单价	4 	9999 	75	85	6601	10601
诸暨	江藻镇	石化	DTY	按单价	4 	9999 	75	85	6602	10602
诸暨	直埠镇	石化	DTY	按单价	4 	9999 	75	85	6603	10603
诸暨	阮市镇	石化	DTY	按单价	4 	9999 	75	85	6604	10604
诸暨	应店街镇	石化	DTY	按单价	4 	9999 	75	85	6605	10605
诸暨	大唐镇	石化	DTY	按单价	4 	9999 	75	85	6606	10606
诸暨	陶朱街道	石化	DTY	按单价	4 	9999 	75	85	6607	10607
诸暨	浣东街道	石化	DTY	按单价	4 	9999 	75	85	6608	10608
诸暨	暨阳街道	石化	DTY	按单价	4 	9999 	75	85	6609	10609
嘉兴	南湖	石化	DTY	一口价	0	4 	300	340	6610	10610
嘉兴	秀洲	石化	DTY	一口价	0	4 	300	340	6611	10611
嘉兴	海盐	石化	DTY	一口价	0	4 	300	340	6612	10612
嘉兴	嘉善	石化	DTY	一口价	0	4 	300	340	6613	10613
嘉兴	平湖	石化	DTY	一口价	0	4 	300	340	6614	10614
嘉兴	海宁	石化	DTY	一口价	0	4 	280	340	6615	10615
嘉兴	桐乡	石化	DTY	一口价	0	4 	280	340	6616	10616
嘉兴	南湖	石化	DTY	按单价	4 	9999 	75	85	6617	10617
嘉兴	秀洲	石化	DTY	按单价	4 	9999 	75	85	6618	10618
嘉兴	海盐	石化	DTY	按单价	4 	9999 	75	85	6619	10619
嘉兴	嘉善	石化	DTY	按单价	4 	9999 	75	85	6620	10620
嘉兴	平湖	石化	DTY	按单价	4 	9999 	75	85	6621	10621
嘉兴	海宁	石化	DTY	按单价	4 	9999 	70	85	6622	10622
嘉兴	桐乡	石化	DTY	按单价	4 	9999 	70	85	6623	10623
杭州	余杭	石化	DTY	一口价	0	4 	240	280	6624	10624
杭州	下沙	石化	DTY	一口价	0	4 	200	240	6625	10625
杭州	淳安	石化	DTY	一口价	0	4 	480	520	6626	10626
杭州	建德	石化	DTY	一口价	0	4 	480	520	6627	10627
杭州	临安	石化	DTY	一口价	0	4 	320	360	6628	10628
杭州	富阳	石化	DTY	一口价	0	4 	320	360	6629	10629
绍兴	新昌	石化	DTY	一口价	0	4 	360	400	6630	10630
绍兴	嵊州	石化	DTY	一口价	0	4 	360	400	6631	10631
绍兴	上虞	石化	DTY	一口价	0	4 	260	320	6632	10632
慈溪	周巷镇	石化	DTY	一口价	0	4 	280	320	6633	10633
慈溪	长河镇	石化	DTY	一口价	0	4 	280	320	6634	10634
慈溪	天元镇	石化	DTY	一口价	0	4 	280	320	6635	10635
慈溪	庵东镇	石化	DTY	一口价	0	4 	280	320	6636	10636
慈溪	崇寿镇	石化	DTY	一口价	0	4 	280	320	6637	10637
慈溪	横河镇	石化	DTY	一口价	0	4 	280	320	6638	10638
慈溪	胜山镇	石化	DTY	一口价	0	4 	280	320	6639	10639
慈溪	新浦镇	石化	DTY	一口价	0	4 	280	320	6640	10640
慈溪	逍林镇	石化	DTY	一口价	0	4 	280	320	6641	10641
慈溪	匡堰镇	石化	DTY	一口价	0	4 	280	320	6642	10642
慈溪	桥头镇	石化	DTY	一口价	0	4 	280	320	6643	10643
慈溪	附海镇	石化	DTY	一口价	0	4 	280	320	6644	10644
慈溪	观海卫镇	石化	DTY	一口价	0	4 	280	320	6645	10645
慈溪	掌起镇	石化	DTY	一口价	0	4 	280	320	6646	10646
慈溪	范市镇	石化	DTY	一口价	0	4 	280	320	6647	10647
慈溪	三北镇	石化	DTY	一口价	0	4 	280	320	6648	10648
慈溪	龙山镇	石化	DTY	一口价	0	4 	280	320	6649	10649
慈溪	坎墩街道	石化	DTY	一口价	0	4 	280	320	6650	10650
慈溪	宗汉街道	石化	DTY	一口价	0	4 	280	320	6651	10651
慈溪	浒山街道	石化	DTY	一口价	0	4 	280	320	6652	10652
宁波		石化	DTY	一口价	0	4 	320	360	6653	10653
金华	义乌	石化	DTY	一口价	0	4 	340	380	6654	10654
金华	浦江	石化	DTY	一口价	0	4 	340	380	6655	10655
金华		石化	DTY	一口价	0	4 	400	440	6656	10656
台州		石化	DTY	一口价	0	4 	480	520	6657	10657
衢州	龙游	石化	DTY	一口价	0	4 	480	520	6658	10658
湖州		石化	DTY	一口价	0	4 	280	320	6659	10659
温州		石化	DTY	一口价	0	4 	680	720	6660	10660
温州	平阳	石化	DTY	一口价	0	4 	800	880	6661	10661
温州	苍南	石化	DTY	一口价	0	4 	800	880	6662	10662
温州	瑞安	石化	DTY	一口价	0	4 	720	760	6663	10663
上海		石化	DTY	一口价	0	4 	380	420	6664	10664
上海	崇明县	石化	DTY	一口价	0	4 	780	840	6665	10665
上海	闵行	石化	DTY	一口价	0	4 	560	640	6666	10666
上海	嘉定	石化	DTY	一口价	0	4 	580	680	6667	10667
上海	南汇	石化	DTY	一口价	0	4 	560	640	6668	10668
杭州	余杭	石化	DTY	按单价	4 	9999 	60	70	6669	10669
杭州	下沙	石化	DTY	按单价	4 	9999 	50	60	6670	10670
杭州	淳安	石化	DTY	按单价	4 	9999 	120	130	6671	10671
杭州	建德	石化	DTY	按单价	4 	9999 	120	130	6672	10672
杭州	临安	石化	DTY	按单价	4 	9999 	80	90	6673	10673
杭州	富阳	石化	DTY	按单价	4 	9999 	80	90	6674	10674
绍兴	新昌	石化	DTY	按单价	4 	9999 	90	100	6675	10675
绍兴	嵊州	石化	DTY	按单价	4 	9999 	90	100	6676	10676
绍兴	上虞	石化	DTY	按单价	4 	9999 	65	80	6677	10677
慈溪	周巷镇	石化	DTY	按单价	4 	9999 	70	80	6678	10678
慈溪	长河镇	石化	DTY	按单价	4 	9999 	70	80	6679	10679
慈溪	天元镇	石化	DTY	按单价	4 	9999 	70	80	6680	10680
慈溪	庵东镇	石化	DTY	按单价	4 	9999 	70	80	6681	10681
慈溪	崇寿镇	石化	DTY	按单价	4 	9999 	70	80	6682	10682
慈溪	横河镇	石化	DTY	按单价	4 	9999 	70	80	6683	10683
慈溪	胜山镇	石化	DTY	按单价	4 	9999 	70	80	6684	10684
慈溪	新浦镇	石化	DTY	按单价	4 	9999 	70	80	6685	10685
慈溪	逍林镇	石化	DTY	按单价	4 	9999 	70	80	6686	10686
慈溪	匡堰镇	石化	DTY	按单价	4 	9999 	70	80	6687	10687
慈溪	桥头镇	石化	DTY	按单价	4 	9999 	70	80	6688	10688
慈溪	附海镇	石化	DTY	按单价	4 	9999 	70	80	6689	10689
慈溪	观海卫镇	石化	DTY	按单价	4 	9999 	70	80	6690	10690
慈溪	掌起镇	石化	DTY	按单价	4 	9999 	70	80	6691	10691
慈溪	范市镇	石化	DTY	按单价	4 	9999 	70	80	6692	10692
慈溪	三北镇	石化	DTY	按单价	4 	9999 	70	80	6693	10693
慈溪	龙山镇	石化	DTY	按单价	4 	9999 	70	80	6694	10694
慈溪	坎墩街道	石化	DTY	按单价	4 	9999 	70	80	6695	10695
慈溪	宗汉街道	石化	DTY	按单价	4 	9999 	70	80	6696	10696
慈溪	浒山街道	石化	DTY	按单价	4 	9999 	70	80	6697	10697
宁波		石化	DTY	按单价	4 	9999 	80	90	6698	10698
金华	义乌	石化	DTY	按单价	4 	9999 	85	95	6699	10699
金华	浦江	石化	DTY	按单价	4 	9999 	85	95	6700	10700
金华		石化	DTY	按单价	4 	9999 	100	110	6701	10701
台州		石化	DTY	按单价	4 	9999 	120	130	6702	10702
衢州	龙游	石化	DTY	按单价	4 	9999 	120	130	6703	10703
湖州		石化	DTY	按单价	4 	9999 	70	80	6704	10704
温州		石化	DTY	按单价	4 	9999 	170	180	6705	10705
温州	平阳	石化	DTY	按单价	4 	9999 	200	220	6706	10706
温州	苍南	石化	DTY	按单价	4 	9999 	200	220	6707	10707
温州	瑞安	石化	DTY	按单价	4 	9999 	180	200	6708	10708
上海		石化	DTY	按单价	4 	9999 	95	105	6709	10709
上海	崇明县	石化	DTY	按单价	4 	9999 	195	210	6710	10710
上海	闵行	石化	DTY	按单价	4 	9999 	140	160	6711	10711
上海	嘉定	石化	DTY	按单价	4 	9999 	145	170	6712	10712
上海	南汇	石化	DTY	按单价	4 	9999 	140	160	6713	10713
江苏	吴江	石化	DTY	一口价	0	3 	270	300	6714	10714
江苏	苏州	石化	DTY	一口价	0	3 	300	330	6715	10715
江苏	太仓	石化	DTY	一口价	0	3 	300	330	6716	10716
江苏	无锡	石化	DTY	一口价	0	3 	300	330	6717	10717
江苏	张家港	石化	DTY	一口价	0	3 	300	330	6718	10718
江苏	江阴	石化	DTY	一口价	0	3 	300	330	6719	10719
江苏	常熟	石化	DTY	一口价	0	3 	300	330	6720	10720
江苏	昆山	石化	DTY	一口价	0	3 	300	330	6721	10721
江苏	常州	石化	DTY	一口价	0	3 	360	390	6722	10722
江苏	南京	石化	DTY	一口价	0	3 	450	495	6723	10723
江苏	镇江市	石化	DTY	一口价	0	3 	480	525	6724	10724
江苏	南通海安	石化	DTY	一口价	0	3 	510	570	6725	10725
江苏	南通海门	石化	DTY	一口价	0	3 	510	570	6726	10726
江苏	扬州市	石化	DTY	一口价	0	3 	510	555	6727	10727
江苏	泰州	石化	DTY	一口价	0	3 	540	585	6728	10728
江苏	泰兴	石化	DTY	一口价	0	3 	540	585	6729	10729
江苏	淮安盱眙	石化	DTY	一口价	0	3 	540	585	6730	10730
江苏	宿迁	石化	DTY	一口价	0	3 	570	615	6731	10731
江苏	南通崇川	石化	DTY	一口价	0	3 	510	570	6732	10732
江苏	南通港闸	石化	DTY	一口价	0	3 	510	570	6733	10733
江苏	丹阳	石化	DTY	一口价	0	3 	570	615	6734	10734
江苏	徐州	石化	DTY	一口价	0	3 	600	660	6735	10735
江苏	南通启东	石化	DTY	一口价	0	3 	540	600	6736	10736
江苏	南通如东	石化	DTY	一口价	0	3 	540	600	6737	10737
江苏	南通如皋	石化	DTY	一口价	0	3 	540	600	6738	10738
江苏	南通通州	石化	DTY	一口价	0	3 	540	600	6739	10739
江苏	盐城市	石化	DTY	一口价	0	3 	660	720	6740	10740
江苏	连云港市	石化	DTY	一口价	0	3 	690	750	6741	10741
江苏	吴江	石化	DTY	按单价	3	12 	90	100	6742	10742
江苏	苏州	石化	DTY	按单价	3	12 	100	110	6743	10743
江苏	太仓	石化	DTY	按单价	3	12 	100	110	6744	10744
江苏	无锡	石化	DTY	按单价	3	12 	100	110	6745	10745
江苏	张家港	石化	DTY	按单价	3	12 	100	110	6746	10746
江苏	江阴	石化	DTY	按单价	3	12 	100	110	6747	10747
江苏	常熟	石化	DTY	按单价	3	12 	100	110	6748	10748
江苏	昆山	石化	DTY	按单价	3	12 	100	110	6749	10749
江苏	常州	石化	DTY	按单价	3	12 	120	130	6750	10750
江苏	南京	石化	DTY	按单价	3	12 	150	165	6751	10751
江苏	镇江市	石化	DTY	按单价	3	12 	160	175	6752	10752
江苏	南通海安	石化	DTY	按单价	3	12 	170	190	6753	10753
江苏	南通海门	石化	DTY	按单价	3	12 	170	190	6754	10754
江苏	扬州市	石化	DTY	按单价	3	12 	170	185	6755	10755
江苏	泰州	石化	DTY	按单价	3	12 	180	195	6756	10756
江苏	泰兴	石化	DTY	按单价	3	12 	180	195	6757	10757
江苏	淮安盱眙	石化	DTY	按单价	3	12 	180	195	6758	10758
江苏	宿迁	石化	DTY	按单价	3	12 	190	205	6759	10759
江苏	南通崇川	石化	DTY	按单价	3	12 	170	190	6760	10760
江苏	南通港闸	石化	DTY	按单价	3	12 	170	190	6761	10761
江苏	丹阳	石化	DTY	按单价	3	12 	190	205	6762	10762
江苏	徐州	石化	DTY	按单价	3	12 	200	220	6763	10763
江苏	南通启东	石化	DTY	按单价	3	12 	180	200	6764	10764
江苏	南通如东	石化	DTY	按单价	3	12 	180	200	6765	10765
江苏	南通如皋	石化	DTY	按单价	3	12 	180	200	6766	10766
江苏	南通通州	石化	DTY	按单价	3	12 	180	200	6767	10767
江苏	盐城市	石化	DTY	按单价	3	12 	220	240	6768	10768
江苏	连云港市	石化	DTY	按单价	3	12 	230	250	6769	10769
江苏	吴江	石化	DTY	按单价	12	9999 	70	85	6770	10770
江苏	苏州	石化	DTY	按单价	12	9999 	80	90	6771	10771
江苏	太仓	石化	DTY	按单价	12	9999 	87	95	6772	10772
江苏	无锡	石化	DTY	按单价	12	9999 	90	100	6773	10773
江苏	张家港	石化	DTY	按单价	12	9999 	90	100	6774	10774
江苏	江阴	石化	DTY	按单价	12	9999 	90	100	6775	10775
江苏	常熟	石化	DTY	按单价	12	9999 	90	100	6776	10776
江苏	昆山	石化	DTY	按单价	12	9999 	90	100	6777	10777
江苏	常州	石化	DTY	按单价	12	9999 	100	110	6778	10778
江苏	南京	石化	DTY	按单价	12	9999 	125	135	6779	10779
江苏	镇江市	石化	DTY	按单价	12	9999 	140	150	6780	10780
江苏	南通海安	石化	DTY	按单价	12	9999 	165	180	6781	10781
江苏	南通海门	石化	DTY	按单价	12	9999 	165	180	6782	10782
江苏	扬州市	石化	DTY	按单价	12	9999 	150	165	6783	10783
江苏	泰州	石化	DTY	按单价	12	9999 	160	175	6784	10784
江苏	泰兴	石化	DTY	按单价	12	9999 	160	175	6785	10785
江苏	淮安盱眙	石化	DTY	按单价	12	9999 	165	180	6786	10786
江苏	宿迁	石化	DTY	按单价	12	9999 	170	185	6787	10787
江苏	南通崇川	石化	DTY	按单价	12	9999 	165	180	6788	10788
江苏	南通港闸	石化	DTY	按单价	12	9999 	165	180	6789	10789
江苏	丹阳	石化	DTY	按单价	12	9999 	170	190	6790	10790
江苏	徐州	石化	DTY	按单价	12	9999 	170	200	6791	10791
江苏	南通启东	石化	DTY	按单价	12	9999 	170	190	6792	10792
江苏	南通如东	石化	DTY	按单价	12	9999 	170	190	6793	10793
江苏	南通如皋	石化	DTY	按单价	12	9999 	170	190	6794	10794
江苏	南通通州	石化	DTY	按单价	12	9999 	170	190	6795	10795
江苏	盐城市	石化	DTY	按单价	12	9999 	185	200	6796	10796
江苏	连云港市	石化	DTY	按单价	12	9999 	215	235	6797	10797
广东	汕头	逸	DTY	一口价	0	1	600 	650 	6798	10798
广东	普宁	逸	DTY	一口价	0	1	600 	650 	6799	10799
广东	江门	逸	DTY	一口价	0	1	800 	850 	6800	10800
广东	鹤山	逸	DTY	一口价	0	1	800 	850 	6801	10801
广东	广州	逸	DTY	一口价	0	1	700 	750 	6802	10802
广东	佛山	逸	DTY	一口价	0	1	700 	750 	6803	10803
广东	东莞	逸	DTY	一口价	0	1	720 	770 	6804	10804
广东	惠州市	逸	DTY	一口价	0	1	720 	770 	6805	10805
广东	揭阳	逸	DTY	一口价	0	1	900 	960 	6806	10806
广东	深圳	逸	DTY	一口价	0	1	930 	990 	6807	10807
广东	中山市	逸	DTY	一口价	0	1	875 	930 	6808	10808
福建	晋江	逸	DTY	一口价	0	1	465 	500 	6809	10809
福建	厦门	逸	DTY	一口价	0	1	520 	560 	6810	10810
福建	长乐	逸	DTY	一口价	0	1	465 	500 	6811	10811
福建	泉州	逸	DTY	一口价	0	1	465 	500 	6812	10812
福建	福州	逸	DTY	一口价	0	1	465 	500 	6813	10813
福建	福清	逸	DTY	一口价	0	1	700 	750 	6814	10814
福建	永泰县	逸	DTY	一口价	0	1	730 	780 	6815	10815
福建	漳州	逸	DTY	一口价	0	1	520 	560 	6816	10816
山东省	济宁市	逸	DTY	一口价	0	1	435 	470 	6817	10817
山东省	济南市	逸	DTY	一口价	0	1	570 	610 	6818	10818
山东省	青岛市	逸	DTY	一口价	0	1	435 	470 	6819	10819
山东省	淄博市	逸	DTY	一口价	0	1	435 	470 	6820	10820
山东省	枣庄市	逸	DTY	一口价	0	1	345 	370 	6821	10821
山东省	东营市	逸	DTY	一口价	0	1	570 	610 	6822	10822
山东省	潍坊市	逸	DTY	一口价	0	1	420 	450 	6823	10823
山东省	烟台市	逸	DTY	一口价	0	1	465 	500 	6824	10824
山东省	威海市	逸	DTY	一口价	0	1	465 	500 	6825	10825
山东省	莱芜市	逸	DTY	一口价	0	1	390 	420 	6826	10826
山东省	德州市	逸	DTY	一口价	0	1	435 	470 	6827	10827
山东省	临沂市	逸	DTY	一口价	0	1	355 	380 	6828	10828
山东省	聊城市	逸	DTY	一口价	0	1	405 	440 	6829	10829
山东省	滨州市	逸	DTY	一口价	0	1	405 	440 	6830	10830
山东省	菏泽市	逸	DTY	一口价	0	1	405 	440 	6831	10831
山东省	日照市	逸	DTY	一口价	0	1	405 	440 	6832	10832
山东省	泰安市	逸	DTY	一口价	0	1	405 	440 	6833	10833
江西	抚州	逸	DTY	一口价	0	1	420 	450 	6834	10834
江西	赣州市	逸	DTY	一口价	0	1	525 	570 	6835	10835
江西	吉安市	逸	DTY	一口价	0	1	480 	520 	6836	10836
江西	九江市	逸	DTY	一口价	0	1	420 	450 	6837	10837
江西	南昌市	逸	DTY	一口价	0	1	450 	480 	6838	10838
江西	上饶市	逸	DTY	一口价	0	1	315 	340 	6839	10839
江西	宜春市	逸	DTY	一口价	0	1	370 	400 	6840	10840
江西	鹰潭市	逸	DTY	一口价	0	1	375 	400 	6841	10841
重庆市	重庆市	逸	DTY	一口价	0	1	1130 	1200 	6842	10842
湖北	宜昌市	逸	DTY	一口价	0	1	540 	580 	6843	10843
湖北	孝感市	逸	DTY	一口价	0	1	495 	530 	6844	10844
湖北	襄樊市	逸	DTY	一口价	0	1	570 	610 	6845	10845
湖北	咸宁市	逸	DTY	一口价	0	1	495 	530 	6846	10846
湖北	武汉市	逸	DTY	一口价	0	1	450 	480 	6847	10847
湖北	随州市	逸	DTY	一口价	0	1	570 	610 	6848	10848
湖北	十堰市	逸	DTY	一口价	0	1	570 	610 	6849	10849
湖北	荆州市	逸	DTY	一口价	0	1	540 	580 	6850	10850
湖北	黄石市	逸	DTY	一口价	0	1	495 	530 	6851	10851
湖北	仙桃	逸	DTY	一口价	0	1	720 	770 	6852	10852
湖北	天门	逸	DTY	一口价	0	1	520 	560 	6853	10853
湖北	黄岗	逸	DTY	一口价	0	1	460 	490 	6854	10854
河北省	石家庄市	逸	DTY	一口价	0	1	525 	570 	6855	10855
河北省	邯郸市	逸	DTY	一口价	0	1	525 	570 	6856	10856
河北省	邢台市	逸	DTY	一口价	0	1	525 	570 	6857	10857
河北省	保定市	逸	DTY	一口价	0	1	525 	570 	6858	10858
河北省	张家口市	逸	DTY	一口价	0	1	525 	570 	6859	10859
河北省	承德市	逸	DTY	一口价	0	1	615 	660 	6860	10860
河北省	秦皇岛市	逸	DTY	一口价	0	1	585 	630 	6861	10861
河北省	唐山市	逸	DTY	一口价	0	1	585 	630 	6862	10862
河北省	沧州市	逸	DTY	一口价	0	1	525 	570 	6863	10863
河北省	廊坊市	逸	DTY	一口价	0	1	585 	630 	6864	10864
河北省	晋州	逸	DTY	一口价	0	1	795 	850 	6865	10865
河北省	衡水市	逸	DTY	一口价	0	1	525 	570 	6866	10866
河南省	郑州市	逸	DTY	一口价	0	1	510 	550 	6867	10867
河南省	开封市	逸	DTY	一口价	0	1	465 	500 	6868	10868
河南省	洛阳市	逸	DTY	一口价	0	1	465 	500 	6869	10869
河南省	平顶山市	逸	DTY	一口价	0	1	465 	500 	6870	10870
河南省	焦作市	逸	DTY	一口价	0	1	465 	500 	6871	10871
河南省	新乡市	逸	DTY	一口价	0	1	465 	500 	6872	10872
河南省	安阳市	逸	DTY	一口价	0	1	525 	570 	6873	10873
河南省	鹤壁市	逸	DTY	一口价	0	1	570 	610 	6874	10874
河南省	濮阳市	逸	DTY	一口价	0	1	525 	570 	6875	10875
河南省	许昌市	逸	DTY	一口价	0	1	465 	500 	6876	10876
河南省	漯河市	逸	DTY	一口价	0	1	465 	500 	6877	10877
河南省	三门峡市	逸	DTY	一口价	0	1	525 	570 	6878	10878
河南省	南阳市	逸	DTY	一口价	0	1	480 	520 	6879	10879
河南省	商丘市	逸	DTY	一口价	0	1	465 	500 	6880	10880
河南省	周口市	逸	DTY	一口价	0	1	465 	500 	6881	10881
河南省	驻马店市	逸	DTY	一口价	0	1	480 	520 	6882	10882
河南省	信阳市	逸	DTY	一口价	0	1	465 	500 	6883	10883
河南省	济源市	逸	DTY	一口价	0	1	480 	520 	6884	10884
安徽省	黄山市	逸	DTY	一口价	0	1	300 	330 	6885	10885
安徽省	滁州市	逸	DTY	一口价	0	1	345 	370 	6886	10886
安徽省	毫州市	逸	DTY	一口价	0	1	325 	350 	6887	10887
安徽省	宿州市	逸	DTY	一口价	0	1	325 	350 	6888	10888
安徽省	六安市	逸	DTY	一口价	0	1	325 	350 	6889	10889
安徽省	淮南市	逸	DTY	一口价	0	1	390 	420 	6890	10890
安徽省	合肥市	逸	DTY	一口价	0	1	375 	400 	6891	10891
安徽省	阜阳市	逸	DTY	一口价	0	1	375 	400 	6892	10892
安徽省	池州市	逸	DTY	一口价	0	1	390 	420 	6893	10893
安徽省	巢湖市	逸	DTY	一口价	0	1	390 	420 	6894	10894
安徽省	铜陵市	逸	DTY	一口价	0	1	390 	420 	6895	10895
安徽省	芜湖市	逸	DTY	一口价	0	1	330 	360 	6896	10896
安徽省	马鞍山市	逸	DTY	一口价	0	1	330 	360 	6897	10897
安徽省	宣城市	逸	DTY	一口价	0	1	300 	330 	6898	10898
安徽省	蚌埠市	逸	DTY	一口价	0	1	345 	370 	6899	10899
安徽省	安庆市	逸	DTY	一口价	0	1	325 	350 	6900	10900
湖南省	湘潭市	逸	DTY	一口价	0	1	705 	750 	6901	10901
湖南省	永州市	逸	DTY	一口价	0	1	525 	570 	6902	10902
湖南省	怀化市	逸	DTY	一口价	0	1	840 	890 	6903	10903
湖南省	长沙市	逸	DTY	一口价	0	1	705 	750 	6904	10904
辽宁省	鞍山市	逸	DTY	一口价	0	1	750 	800 	6905	10905
辽宁省	大连市	逸	DTY	一口价	0	1	735 	780 	6906	10906
辽宁省	抚顺市	逸	DTY	一口价	0	1	735 	780 	6907	10907
辽宁省	辽阳市	逸	DTY	一口价	0	1	750 	800 	6908	10908
辽宁省	沈阳市	逸	DTY	一口价	0	1	735 	780 	6909	10909
辽宁省	丹东	逸	DTY	一口价	0	1	940 	1000 	6910	10910
辽宁省	营口市	逸	DTY	一口价	0	1	750 	800 	6911	10911
四川	南充	逸	DTY	一口价	0	1	1000 	1060 	6912	10912
广东	汕头	逸	DTY	按单价	1	3	600 	650 	6913	10913
广东	普宁	逸	DTY	按单价	1	3	600 	650 	6914	10914
广东	江门	逸	DTY	按单价	1	3	800 	850 	6915	10915
广东	鹤山	逸	DTY	按单价	1	3	800 	850 	6916	10916
广东	广州	逸	DTY	按单价	1	3	700 	750 	6917	10917
广东	佛山	逸	DTY	按单价	1	3	700 	750 	6918	10918
广东	东莞	逸	DTY	按单价	1	3	720 	770 	6919	10919
广东	惠州市	逸	DTY	按单价	1	3	720 	770 	6920	10920
广东	揭阳	逸	DTY	按单价	1	3	900 	960 	6921	10921
广东	深圳	逸	DTY	按单价	1	3	930 	990 	6922	10922
广东	中山市	逸	DTY	按单价	1	3	875 	930 	6923	10923
福建	晋江	逸	DTY	按单价	1	3	465 	500 	6924	10924
福建	厦门	逸	DTY	按单价	1	3	520 	560 	6925	10925
福建	长乐	逸	DTY	按单价	1	3	465 	500 	6926	10926
福建	泉州	逸	DTY	按单价	1	3	465 	500 	6927	10927
福建	福州	逸	DTY	按单价	1	3	465 	500 	6928	10928
福建	福清	逸	DTY	按单价	1	3	700 	750 	6929	10929
福建	永泰县	逸	DTY	按单价	1	3	730 	780 	6930	10930
福建	漳州	逸	DTY	按单价	1	3	520 	560 	6931	10931
山东省	济宁市	逸	DTY	按单价	1	3	435 	470 	6932	10932
山东省	济南市	逸	DTY	按单价	1	3	570 	610 	6933	10933
山东省	青岛市	逸	DTY	按单价	1	3	435 	470 	6934	10934
山东省	淄博市	逸	DTY	按单价	1	3	435 	470 	6935	10935
山东省	枣庄市	逸	DTY	按单价	1	3	345 	370 	6936	10936
山东省	东营市	逸	DTY	按单价	1	3	570 	610 	6937	10937
山东省	潍坊市	逸	DTY	按单价	1	3	420 	450 	6938	10938
山东省	烟台市	逸	DTY	按单价	1	3	465 	500 	6939	10939
山东省	威海市	逸	DTY	按单价	1	3	465 	500 	6940	10940
山东省	莱芜市	逸	DTY	按单价	1	3	390 	420 	6941	10941
山东省	德州市	逸	DTY	按单价	1	3	435 	470 	6942	10942
山东省	临沂市	逸	DTY	按单价	1	3	355 	380 	6943	10943
山东省	聊城市	逸	DTY	按单价	1	3	405 	440 	6944	10944
山东省	滨州市	逸	DTY	按单价	1	3	405 	440 	6945	10945
山东省	菏泽市	逸	DTY	按单价	1	3	405 	440 	6946	10946
山东省	日照市	逸	DTY	按单价	1	3	405 	440 	6947	10947
山东省	泰安市	逸	DTY	按单价	1	3	405 	440 	6948	10948
江西	抚州	逸	DTY	按单价	1	3	420 	450 	6949	10949
江西	赣州市	逸	DTY	按单价	1	3	525 	570 	6950	10950
江西	吉安市	逸	DTY	按单价	1	3	480 	520 	6951	10951
江西	九江市	逸	DTY	按单价	1	3	420 	450 	6952	10952
江西	南昌市	逸	DTY	按单价	1	3	450 	480 	6953	10953
江西	上饶市	逸	DTY	按单价	1	3	315 	340 	6954	10954
江西	宜春市	逸	DTY	按单价	1	3	370 	400 	6955	10955
江西	鹰潭市	逸	DTY	按单价	1	3	375 	400 	6956	10956
重庆市	重庆市	逸	DTY	按单价	1	3	1130 	1200 	6957	10957
湖北	宜昌市	逸	DTY	按单价	1	3	540 	580 	6958	10958
湖北	孝感市	逸	DTY	按单价	1	3	495 	530 	6959	10959
湖北	襄樊市	逸	DTY	按单价	1	3	570 	610 	6960	10960
湖北	咸宁市	逸	DTY	按单价	1	3	495 	530 	6961	10961
湖北	武汉市	逸	DTY	按单价	1	3	450 	480 	6962	10962
湖北	随州市	逸	DTY	按单价	1	3	570 	610 	6963	10963
湖北	十堰市	逸	DTY	按单价	1	3	570 	610 	6964	10964
湖北	荆州市	逸	DTY	按单价	1	3	540 	580 	6965	10965
湖北	黄石市	逸	DTY	按单价	1	3	495 	530 	6966	10966
湖北	仙桃	逸	DTY	按单价	1	3	720 	770 	6967	10967
湖北	天门	逸	DTY	按单价	1	3	520 	560 	6968	10968
湖北	黄岗	逸	DTY	按单价	1	3	460 	490 	6969	10969
河北省	石家庄市	逸	DTY	按单价	1	3	525 	570 	6970	10970
河北省	邯郸市	逸	DTY	按单价	1	3	525 	570 	6971	10971
河北省	邢台市	逸	DTY	按单价	1	3	525 	570 	6972	10972
河北省	保定市	逸	DTY	按单价	1	3	525 	570 	6973	10973
河北省	张家口市	逸	DTY	按单价	1	3	525 	570 	6974	10974
河北省	承德市	逸	DTY	按单价	1	3	615 	660 	6975	10975
河北省	秦皇岛市	逸	DTY	按单价	1	3	585 	630 	6976	10976
河北省	唐山市	逸	DTY	按单价	1	3	585 	630 	6977	10977
河北省	沧州市	逸	DTY	按单价	1	3	525 	570 	6978	10978
河北省	廊坊市	逸	DTY	按单价	1	3	585 	630 	6979	10979
河北省	晋州	逸	DTY	按单价	1	3	795 	850 	6980	10980
河北省	衡水市	逸	DTY	按单价	1	3	525 	570 	6981	10981
河南省	郑州市	逸	DTY	按单价	1	3	510 	550 	6982	10982
河南省	开封市	逸	DTY	按单价	1	3	465 	500 	6983	10983
河南省	洛阳市	逸	DTY	按单价	1	3	465 	500 	6984	10984
河南省	平顶山市	逸	DTY	按单价	1	3	465 	500 	6985	10985
河南省	焦作市	逸	DTY	按单价	1	3	465 	500 	6986	10986
河南省	新乡市	逸	DTY	按单价	1	3	465 	500 	6987	10987
河南省	安阳市	逸	DTY	按单价	1	3	525 	570 	6988	10988
河南省	鹤壁市	逸	DTY	按单价	1	3	570 	610 	6989	10989
河南省	濮阳市	逸	DTY	按单价	1	3	525 	570 	6990	10990
河南省	许昌市	逸	DTY	按单价	1	3	465 	500 	6991	10991
河南省	漯河市	逸	DTY	按单价	1	3	465 	500 	6992	10992
河南省	三门峡市	逸	DTY	按单价	1	3	525 	570 	6993	10993
河南省	南阳市	逸	DTY	按单价	1	3	480 	520 	6994	10994
河南省	商丘市	逸	DTY	按单价	1	3	465 	500 	6995	10995
河南省	周口市	逸	DTY	按单价	1	3	465 	500 	6996	10996
河南省	驻马店市	逸	DTY	按单价	1	3	480 	520 	6997	10997
河南省	信阳市	逸	DTY	按单价	1	3	465 	500 	6998	10998
河南省	济源市	逸	DTY	按单价	1	3	480 	520 	6999	10999
安徽省	黄山市	逸	DTY	按单价	1	3	300 	330 	7000	11000
安徽省	滁州市	逸	DTY	按单价	1	3	345 	370 	7001	11001
安徽省	毫州市	逸	DTY	按单价	1	3	325 	350 	7002	11002
安徽省	宿州市	逸	DTY	按单价	1	3	325 	350 	7003	11003
安徽省	六安市	逸	DTY	按单价	1	3	325 	350 	7004	11004
安徽省	淮南市	逸	DTY	按单价	1	3	390 	420 	7005	11005
安徽省	合肥市	逸	DTY	按单价	1	3	375 	400 	7006	11006
安徽省	阜阳市	逸	DTY	按单价	1	3	375 	400 	7007	11007
安徽省	池州市	逸	DTY	按单价	1	3	390 	420 	7008	11008
安徽省	巢湖市	逸	DTY	按单价	1	3	390 	420 	7009	11009
安徽省	铜陵市	逸	DTY	按单价	1	3	390 	420 	7010	11010
安徽省	芜湖市	逸	DTY	按单价	1	3	330 	360 	7011	11011
安徽省	马鞍山市	逸	DTY	按单价	1	3	330 	360 	7012	11012
安徽省	宣城市	逸	DTY	按单价	1	3	300 	330 	7013	11013
安徽省	蚌埠市	逸	DTY	按单价	1	3	345 	370 	7014	11014
安徽省	安庆市	逸	DTY	按单价	1	3	325 	350 	7015	11015
湖南省	湘潭市	逸	DTY	按单价	1	3	705 	750 	7016	11016
湖南省	永州市	逸	DTY	按单价	1	3	525 	570 	7017	11017
湖南省	怀化市	逸	DTY	按单价	1	3	840 	890 	7018	11018
湖南省	长沙市	逸	DTY	按单价	1	3	705 	750 	7019	11019
辽宁省	鞍山市	逸	DTY	按单价	1	3	750 	800 	7020	11020
辽宁省	大连市	逸	DTY	按单价	1	3	735 	780 	7021	11021
辽宁省	抚顺市	逸	DTY	按单价	1	3	735 	780 	7022	11022
辽宁省	辽阳市	逸	DTY	按单价	1	3	750 	800 	7023	11023
辽宁省	沈阳市	逸	DTY	按单价	1	3	735 	780 	7024	11024
辽宁省	丹东	逸	DTY	按单价	1	3	940 	1000 	7025	11025
辽宁省	营口市	逸	DTY	按单价	1	3	750 	800 	7026	11026
四川	南充	逸	DTY	按单价	1	3	1000 	1060 	7027	11027
广东	汕头	逸	DTY	按单价	3	12	380 	410 	7028	11028
广东	普宁	逸	DTY	按单价	3	12	380 	410 	7029	11029
广东	江门	逸	DTY	按单价	3	12	480 	520 	7030	11030
广东	鹤山	逸	DTY	按单价	3	12	480 	520 	7031	11031
广东	广州	逸	DTY	按单价	3	12	450 	480 	7032	11032
广东	佛山	逸	DTY	按单价	3	12	450 	480 	7033	11033
广东	东莞	逸	DTY	按单价	3	12	530 	570 	7034	11034
广东	惠州市	逸	DTY	按单价	3	12	550 	600 	7035	11035
广东	揭阳	逸	DTY	按单价	3	12	550 	600 	7036	11036
广东	深圳	逸	DTY	按单价	3	12	650 	700 	7037	11037
广东	中山市	逸	DTY	按单价	3	12	650 	700 	7038	11038
福建	晋江	逸	DTY	按单价	3	12	350 	400 	7039	11039
福建	厦门	逸	DTY	按单价	3	12	360 	400 	7040	11040
福建	长乐	逸	DTY	按单价	3	12	330 	360 	7041	11041
福建	泉州	逸	DTY	按单价	3	12	330 	360 	7042	11042
福建	福州	逸	DTY	按单价	3	12	330 	360 	7043	11043
福建	福清	逸	DTY	按单价	3	12	350 	380 	7044	11044
福建	永泰县	逸	DTY	按单价	3	12	485 	520 	7045	11045
福建	漳州	逸	DTY	按单价	3	12	360 	400 	7046	11046
山东省	济宁市	逸	DTY	按单价	3	12	310 	340 	7047	11047
山东省	济南市	逸	DTY	按单价	3	12	400 	440 	7048	11048
山东省	青岛市	逸	DTY	按单价	3	12	300 	330 	7049	11049
山东省	淄博市	逸	DTY	按单价	3	12	300 	330 	7050	11050
山东省	枣庄市	逸	DTY	按单价	3	12	250 	280 	7051	11051
山东省	东营市	逸	DTY	按单价	3	12	390 	430 	7052	11052
山东省	潍坊市	逸	DTY	按单价	3	12	300 	330 	7053	11053
山东省	烟台市	逸	DTY	按单价	3	12	320 	350 	7054	11054
山东省	威海市	逸	DTY	按单价	3	12	320 	350 	7055	11055
山东省	莱芜市	逸	DTY	按单价	3	12	280 	310 	7056	11056
山东省	德州市	逸	DTY	按单价	3	12	300 	330 	7057	11057
山东省	临沂市	逸	DTY	按单价	3	12	255 	280 	7058	11058
山东省	聊城市	逸	DTY	按单价	3	12	290 	320 	7059	11059
山东省	滨州市	逸	DTY	按单价	3	12	290 	320 	7060	11060
山东省	菏泽市	逸	DTY	按单价	3	12	290 	320 	7061	11061
山东省	日照市	逸	DTY	按单价	3	12	290 	320 	7062	11062
山东省	泰安市	逸	DTY	按单价	3	12	290 	320 	7063	11063
江西	抚州	逸	DTY	按单价	3	12	300 	330 	7064	11064
江西	赣州市	逸	DTY	按单价	3	12	370 	400 	7065	11065
江西	吉安市	逸	DTY	按单价	3	12	360 	390 	7066	11066
江西	九江市	逸	DTY	按单价	3	12	290 	320 	7067	11067
江西	南昌市	逸	DTY	按单价	3	12	310 	340 	7068	11068
江西	上饶市	逸	DTY	按单价	3	12	225 	250 	7069	11069
江西	宜春市	逸	DTY	按单价	3	12	260 	290 	7070	11070
江西	鹰潭市	逸	DTY	按单价	3	12	260 	290 	7071	11071
重庆市	重庆市	逸	DTY	按单价	3	12	780 	840 	7072	11072
湖北	宜昌市	逸	DTY	按单价	3	12	380 	420 	7073	11073
湖北	孝感市	逸	DTY	按单价	3	12	350 	380 	7074	11074
湖北	襄樊市	逸	DTY	按单价	3	12	400 	440 	7075	11075
湖北	咸宁市	逸	DTY	按单价	3	12	350 	380 	7076	11076
湖北	武汉市	逸	DTY	按单价	3	12	330 	360 	7077	11077
湖北	随州市	逸	DTY	按单价	3	12	400 	440 	7078	11078
湖北	十堰市	逸	DTY	按单价	3	12	400 	440 	7079	11079
湖北	荆州市	逸	DTY	按单价	3	12	380 	420 	7080	11080
湖北	黄石市	逸	DTY	按单价	3	12	350 	380 	7081	11081
湖北	仙桃	逸	DTY	按单价	3	12	500 	550 	7082	11082
湖北	天门	逸	DTY	按单价	3	12	365 	400 	7083	11083
湖北	黄岗	逸	DTY	按单价	3	12	320 	350 	7084	11084
河北省	石家庄市	逸	DTY	按单价	3	12	360 	400 	7085	11085
河北省	邯郸市	逸	DTY	按单价	3	12	360 	400 	7086	11086
河北省	邢台市	逸	DTY	按单价	3	12	360 	400 	7087	11087
河北省	保定市	逸	DTY	按单价	3	12	360 	400 	7088	11088
河北省	张家口市	逸	DTY	按单价	3	12	360 	400 	7089	11089
河北省	承德市	逸	DTY	按单价	3	12	430 	470 	7090	11090
河北省	秦皇岛市	逸	DTY	按单价	3	12	400 	440 	7091	11091
河北省	唐山市	逸	DTY	按单价	3	12	400 	440 	7092	11092
河北省	沧州市	逸	DTY	按单价	3	12	370 	400 	7093	11093
河北省	廊坊市	逸	DTY	按单价	3	12	410 	450 	7094	11094
河北省	晋州	逸	DTY	按单价	3	12	550 	600 	7095	11095
河北省	衡水市	逸	DTY	按单价	3	12	370 	400 	7096	11096
河南省	郑州市	逸	DTY	按单价	3	12	360 	400 	7097	11097
河南省	开封市	逸	DTY	按单价	3	12	330 	360 	7098	11098
河南省	洛阳市	逸	DTY	按单价	3	12	330 	360 	7099	11099
河南省	平顶山市	逸	DTY	按单价	3	12	330 	360 	7100	11100
河南省	焦作市	逸	DTY	按单价	3	12	330 	360 	7101	11101
河南省	新乡市	逸	DTY	按单价	3	12	330 	360 	7102	11102
河南省	安阳市	逸	DTY	按单价	3	12	370 	400 	7103	11103
河南省	鹤壁市	逸	DTY	按单价	3	12	400 	440 	7104	11104
河南省	濮阳市	逸	DTY	按单价	3	12	370 	400 	7105	11105
河南省	许昌市	逸	DTY	按单价	3	12	330 	360 	7106	11106
河南省	漯河市	逸	DTY	按单价	3	12	330 	360 	7107	11107
河南省	三门峡市	逸	DTY	按单价	3	12	380 	420 	7108	11108
河南省	南阳市	逸	DTY	按单价	3	12	335 	370 	7109	11109
河南省	商丘市	逸	DTY	按单价	3	12	330 	370 	7110	11110
河南省	周口市	逸	DTY	按单价	3	12	330 	370 	7111	11111
河南省	驻马店市	逸	DTY	按单价	3	12	335 	370 	7112	11112
河南省	信阳市	逸	DTY	按单价	3	12	330 	370 	7113	11113
河南省	济源市	逸	DTY	按单价	3	12	335 	370 	7114	11114
安徽省	黄山市	逸	DTY	按单价	3	12	220 	250 	7115	11115
安徽省	滁州市	逸	DTY	按单价	3	12	255 	290 	7116	11116
安徽省	毫州市	逸	DTY	按单价	3	12	235 	270 	7117	11117
安徽省	宿州市	逸	DTY	按单价	3	12	235 	270 	7118	11118
安徽省	六安市	逸	DTY	按单价	3	12	235 	270 	7119	11119
安徽省	淮南市	逸	DTY	按单价	3	12	270 	300 	7120	11120
安徽省	合肥市	逸	DTY	按单价	3	12	260 	300 	7121	11121
安徽省	阜阳市	逸	DTY	按单价	3	12	260 	300 	7122	11122
安徽省	池州市	逸	DTY	按单价	3	12	270 	300 	7123	11123
安徽省	巢湖市	逸	DTY	按单价	3	12	270 	300 	7124	11124
安徽省	铜陵市	逸	DTY	按单价	3	12	270 	300 	7125	11125
安徽省	芜湖市	逸	DTY	按单价	3	12	235 	260 	7126	11126
安徽省	马鞍山市	逸	DTY	按单价	3	12	230 	260 	7127	11127
安徽省	宣城市	逸	DTY	按单价	3	12	220 	250 	7128	11128
安徽省	蚌埠市	逸	DTY	按单价	3	12	235 	260 	7129	11129
安徽省	安庆市	逸	DTY	按单价	3	12	230 	260 	7130	11130
湖南省	湘潭市	逸	DTY	按单价	3	12	490 	530 	7131	11131
湖南省	永州市	逸	DTY	按单价	3	12	370 	400 	7132	11132
湖南省	怀化市	逸	DTY	按单价	3	12	580 	630 	7133	11133
湖南省	长沙市	逸	DTY	按单价	3	12	480 	530 	7134	11134
辽宁省	鞍山市	逸	DTY	按单价	3	12	520 	560 	7135	11135
辽宁省	大连市	逸	DTY	按单价	3	12	510 	550 	7136	11136
辽宁省	抚顺市	逸	DTY	按单价	3	12	510 	550 	7137	11137
辽宁省	辽阳市	逸	DTY	按单价	3	12	520 	560 	7138	11138
辽宁省	沈阳市	逸	DTY	按单价	3	12	510 	550 	7139	11139
辽宁省	丹东	逸	DTY	按单价	3	12	650 	700 	7140	11140
辽宁省	营口市	逸	DTY	按单价	3	12	520 	570 	7141	11141
四川	南充	逸	DTY	按单价	3	12	690 	750 	7142	11142
广东	汕头	逸	DTY	按单价	12	9999	355	380 	7143	11143
广东	普宁	逸	DTY	按单价	12	9999	355	380 	7144	11144
广东	江门	逸	DTY	按单价	12	9999	450	480 	7145	11145
广东	鹤山	逸	DTY	按单价	12	9999	450	480 	7146	11146
广东	广州	逸	DTY	按单价	12	9999	435	470 	7147	11147
广东	佛山	逸	DTY	按单价	12	9999	435	470 	7148	11148
广东	东莞	逸	DTY	按单价	12	9999	450	480 	7149	11149
广东	惠州市	逸	DTY	按单价	12	9999	480	520 	7150	11150
广东	揭阳	逸	DTY	按单价	12	9999	500 	540 	7151	11151
广东	深圳	逸	DTY	按单价	12	9999	550 	600 	7152	11152
广东	中山市	逸	DTY	按单价	12	9999	550 	600 	7153	11153
福建	晋江	逸	DTY	按单价	12	9999	310	330 	7154	11154
福建	厦门	逸	DTY	按单价	12	9999	345	370 	7155	11155
福建	长乐	逸	DTY	按单价	12	9999	310	330 	7156	11156
福建	泉州	逸	DTY	按单价	12	9999	310	330 	7157	11157
福建	福州	逸	DTY	按单价	12	9999	310	330 	7158	11158
福建	福清	逸	DTY	按单价	12	9999	340 	370 	7159	11159
福建	永泰县	逸	DTY	按单价	12	9999	450 	500 	7160	11160
福建	漳州	逸	DTY	按单价	12	9999	345	370 	7161	11161
山东省	济宁市	逸	DTY	按单价	12	9999	290	310	7162	11162
山东省	济南市	逸	DTY	按单价	12	9999	380	405	7163	11163
山东省	青岛市	逸	DTY	按单价	12	9999	290	310	7164	11164
山东省	淄博市	逸	DTY	按单价	12	9999	290	310	7165	11165
山东省	枣庄市	逸	DTY	按单价	12	9999	230	245	7166	11166
山东省	东营市	逸	DTY	按单价	12	9999	380	405	7167	11167
山东省	潍坊市	逸	DTY	按单价	12	9999	280	300	7168	11168
山东省	烟台市	逸	DTY	按单价	12	9999	310	330 	7169	11169
山东省	威海市	逸	DTY	按单价	12	9999	310	330 	7170	11170
山东省	莱芜市	逸	DTY	按单价	12	9999	260	280	7171	11171
山东省	德州市	逸	DTY	按单价	12	9999	290	310	7172	11172
山东省	临沂市	逸	DTY	按单价	12	9999	235	260	7173	11173
山东省	聊城市	逸	DTY	按单价	12	9999	270	290	7174	11174
山东省	滨州市	逸	DTY	按单价	12	9999	270	290	7175	11175
山东省	菏泽市	逸	DTY	按单价	12	9999	270	290	7176	11176
山东省	日照市	逸	DTY	按单价	12	9999	270	290	7177	11177
山东省	泰安市	逸	DTY	按单价	12	9999	270	290	7178	11178
江西	抚州	逸	DTY	按单价	12	9999	280	300	7179	11179
江西	赣州市	逸	DTY	按单价	12	9999	350	380	7180	11180
江西	吉安市	逸	DTY	按单价	12	9999	350	380	7181	11181
江西	九江市	逸	DTY	按单价	12	9999	280	300	7182	11182
江西	南昌市	逸	DTY	按单价	12	9999	300	330	7183	11183
江西	上饶市	逸	DTY	按单价	12	9999	210	230	7184	11184
江西	宜春市	逸	DTY	按单价	12	9999	245	270	7185	11185
江西	鹰潭市	逸	DTY	按单价	12	9999	245	270	7186	11186
重庆市	重庆市	逸	DTY	按单价	12	9999	755	810	7187	11187
湖北	宜昌市	逸	DTY	按单价	12	9999	360	390	7188	11188
湖北	孝感市	逸	DTY	按单价	12	9999	330	360	7189	11189
湖北	襄樊市	逸	DTY	按单价	12	9999	380	410	7190	11190
湖北	咸宁市	逸	DTY	按单价	12	9999	330	360	7191	11191
湖北	武汉市	逸	DTY	按单价	12	9999	300	330	7192	11192
湖北	随州市	逸	DTY	按单价	12	9999	380	410	7193	11193
湖北	十堰市	逸	DTY	按单价	12	9999	380	410	7194	11194
湖北	荆州市	逸	DTY	按单价	12	9999	360	390	7195	11195
湖北	黄石市	逸	DTY	按单价	12	9999	330	360	7196	11196
湖北	仙桃	逸	DTY	按单价	12	9999	480 	520	7197	11197
湖北	天门	逸	DTY	按单价	12	9999	350 	380	7198	11198
湖北	黄岗	逸	DTY	按单价	12	9999	305	330	7199	11199
河北省	石家庄市	逸	DTY	按单价	12	9999	350	380	7200	11200
河北省	邯郸市	逸	DTY	按单价	12	9999	350	380	7201	11201
河北省	邢台市	逸	DTY	按单价	12	9999	350	380	7202	11202
河北省	保定市	逸	DTY	按单价	12	9999	350	380	7203	11203
河北省	张家口市	逸	DTY	按单价	12	9999	350	380	7204	11204
河北省	承德市	逸	DTY	按单价	12	9999	410	440	7205	11205
河北省	秦皇岛市	逸	DTY	按单价	12	9999	390	420	7206	11206
河北省	唐山市	逸	DTY	按单价	12	9999	390	420	7207	11207
河北省	沧州市	逸	DTY	按单价	12	9999	350	380	7208	11208
河北省	廊坊市	逸	DTY	按单价	12	9999	390	420	7209	11209
河北省	晋州	逸	DTY	按单价	12	9999	530	570	7210	11210
河北省	衡水市	逸	DTY	按单价	12	9999	350	380	7211	11211
河南省	郑州市	逸	DTY	按单价	12	9999	340	370	7212	11212
河南省	开封市	逸	DTY	按单价	12	9999	310	340 	7213	11213
河南省	洛阳市	逸	DTY	按单价	12	9999	310	340 	7214	11214
河南省	平顶山市	逸	DTY	按单价	12	9999	310	340 	7215	11215
河南省	焦作市	逸	DTY	按单价	12	9999	310	340 	7216	11216
河南省	新乡市	逸	DTY	按单价	12	9999	310	340 	7217	11217
河南省	安阳市	逸	DTY	按单价	12	9999	350	380	7218	11218
河南省	鹤壁市	逸	DTY	按单价	12	9999	380	410	7219	11219
河南省	濮阳市	逸	DTY	按单价	12	9999	350	380	7220	11220
河南省	许昌市	逸	DTY	按单价	12	9999	310	340 	7221	11221
河南省	漯河市	逸	DTY	按单价	12	9999	310	340 	7222	11222
河南省	三门峡市	逸	DTY	按单价	12	9999	350	380	7223	11223
河南省	南阳市	逸	DTY	按单价	12	9999	315	340	7224	11224
河南省	商丘市	逸	DTY	按单价	12	9999	310	340 	7225	11225
河南省	周口市	逸	DTY	按单价	12	9999	310	340 	7226	11226
河南省	驻马店市	逸	DTY	按单价	12	9999	315	340	7227	11227
河南省	信阳市	逸	DTY	按单价	12	9999	310	340 	7228	11228
河南省	济源市	逸	DTY	按单价	12	9999	315	340	7229	11229
安徽省	黄山市	逸	DTY	按单价	12	9999	200	220	7230	11230
安徽省	滁州市	逸	DTY	按单价	12	9999	225	250	7231	11231
安徽省	毫州市	逸	DTY	按单价	12	9999	215	240	7232	11232
安徽省	宿州市	逸	DTY	按单价	12	9999	215	240	7233	11233
安徽省	六安市	逸	DTY	按单价	12	9999	215	240	7234	11234
安徽省	淮南市	逸	DTY	按单价	12	9999	260	280	7235	11235
安徽省	合肥市	逸	DTY	按单价	12	9999	250	270	7236	11236
安徽省	阜阳市	逸	DTY	按单价	12	9999	250	270	7237	11237
安徽省	池州市	逸	DTY	按单价	12	9999	260	280	7238	11238
安徽省	巢湖市	逸	DTY	按单价	12	9999	260	280	7239	11239
安徽省	铜陵市	逸	DTY	按单价	12	9999	260	280	7240	11240
安徽省	芜湖市	逸	DTY	按单价	12	9999	215	240	7241	11241
安徽省	马鞍山市	逸	DTY	按单价	12	9999	220	240	7242	11242
安徽省	宣城市	逸	DTY	按单价	12	9999	200	220	7243	11243
安徽省	蚌埠市	逸	DTY	按单价	12	9999	225	250	7244	11244
安徽省	安庆市	逸	DTY	按单价	12	9999	215	240	7245	11245
湖南省	湘潭市	逸	DTY	按单价	12	9999	470	510	7246	11246
湖南省	永州市	逸	DTY	按单价	12	9999	350	380	7247	11247
湖南省	怀化市	逸	DTY	按单价	12	9999	560 	600	7248	11248
湖南省	长沙市	逸	DTY	按单价	12	9999	470	510	7249	11249
辽宁省	鞍山市	逸	DTY	按单价	12	9999	500	540	7250	11250
辽宁省	大连市	逸	DTY	按单价	12	9999	490	530	7251	11251
辽宁省	抚顺市	逸	DTY	按单价	12	9999	490	530	7252	11252
辽宁省	辽阳市	逸	DTY	按单价	12	9999	500	540	7253	11253
辽宁省	沈阳市	逸	DTY	按单价	12	9999	490	530	7254	11254
辽宁省	丹东	逸	DTY	按单价	12	9999	625 	670	7255	11255
辽宁省	营口市	逸	DTY	按单价	12	9999	500	540	7256	11256
四川	南充	逸	DTY	按单价	12	9999	670 	720	7257	11257
萧山	红山农场	逸	DTY	一口价	0	4 	120	140	7258	11258
萧山	新塘街道	逸	DTY	一口价	0	4 	140	160	7259	11259
萧山	靖江街道	逸	DTY	一口价	0	4 	140	160	7260	11260
萧山	南阳街道	逸	DTY	一口价	0	4 	140	160	7261	11261
萧山	衙前镇	逸	DTY	一口价	0	4 	140	160	7262	11262
萧山	新街镇	逸	DTY	一口价	0	4 	140	160	7263	11263
萧山	坎山镇	逸	DTY	一口价	0	4 	140	160	7264	11264
萧山	义蓬街道	逸	DTY	一口价	0	4 	148	168	7265	11265
萧山	河庄街道	逸	DTY	一口价	0	4 	148	168	7266	11266
萧山	新湾街道	逸	DTY	一口价	0	4 	148	168	7267	11267
萧山	临江街道	逸	DTY	一口价	0	4 	148	168	7268	11268
萧山	宁围镇	逸	DTY	一口价	0	4 	148	168	7269	11269
萧山	党山镇	逸	DTY	一口价	0	4 	148	168	7270	11270
萧山	瓜沥镇	逸	DTY	一口价	0	4 	148	168	7271	11271
萧山	益农镇	逸	DTY	一口价	0	4 	148	168	7272	11272
萧山	党湾镇	逸	DTY	一口价	0	4 	148	168	7273	11273
萧山	萧山经济开发区	逸	DTY	一口价	0	4 	148	168	7274	11274
萧山	前进街道	逸	DTY	一口价	0	4 	172	192	7275	11275
萧山	进化镇	逸	DTY	一口价	0	4 	172	192	7276	11276
萧山	临浦镇	逸	DTY	一口价	0	4 	172	192	7277	11277
萧山	所前镇	逸	DTY	一口价	0	4 	172	192	7278	11278
萧山	义桥镇	逸	DTY	一口价	0	4 	188	208	7279	11279
萧山	闻堰镇	逸	DTY	一口价	0	4 	188	208	7280	11280
萧山	红山农场	逸	DTY	按单价	4 	9999 	30	35	7281	11281
萧山	新塘街道	逸	DTY	按单价	4 	9999 	35	40	7282	11282
萧山	靖江街道	逸	DTY	按单价	4 	9999 	35	40	7283	11283
萧山	南阳街道	逸	DTY	按单价	4 	9999 	35	40	7284	11284
萧山	衙前镇	逸	DTY	按单价	4 	9999 	35	40	7285	11285
萧山	新街镇	逸	DTY	按单价	4 	9999 	35	40	7286	11286
萧山	坎山镇	逸	DTY	按单价	4 	9999 	35	40	7287	11287
萧山	义蓬街道	逸	DTY	按单价	4 	9999 	37	42	7288	11288
萧山	河庄街道	逸	DTY	按单价	4 	9999 	37	42	7289	11289
萧山	新湾街道	逸	DTY	按单价	4 	9999 	37	42	7290	11290
萧山	临江街道	逸	DTY	按单价	4 	9999 	37	42	7291	11291
萧山	宁围镇	逸	DTY	按单价	4 	9999 	37	42	7292	11292
萧山	党山镇	逸	DTY	按单价	4 	9999 	37	42	7293	11293
萧山	瓜沥镇	逸	DTY	按单价	4 	9999 	37	42	7294	11294
萧山	益农镇	逸	DTY	按单价	4 	9999 	37	42	7295	11295
萧山	党湾镇	逸	DTY	按单价	4 	9999 	37	42	7296	11296
萧山	萧山经济开发区	逸	DTY	按单价	4 	9999 	37	42	7297	11297
萧山	前进街道	逸	DTY	按单价	4 	9999 	43	48	7298	11298
萧山	进化镇	逸	DTY	按单价	4 	9999 	43	48	7299	11299
萧山	临浦镇	逸	DTY	按单价	4 	9999 	43	48	7300	11300
萧山	所前镇	逸	DTY	按单价	4 	9999 	43	48	7301	11301
萧山	义桥镇	逸	DTY	按单价	4 	9999 	47	52	7302	11302
萧山	闻堰镇	逸	DTY	按单价	4 	9999 	47	52	7303	11303
绍兴	钱清镇	逸	DTY	一口价	0	4 	148	168	7304	11304
绍兴	杨汛桥镇	逸	DTY	一口价	0	4 	148	168	7305	11305
绍兴	华舍街道	逸	DTY	一口价	0	4 	172	192	7306	11306
绍兴	夏履镇	逸	DTY	一口价	0	4 	172	192	7307	11307
绍兴	柯桥街道	逸	DTY	一口价	0	4 	180	200	7308	11308
绍兴	湖塘街道	逸	DTY	一口价	0	4 	180	200	7309	11309
绍兴	齐贤镇	逸	DTY	一口价	0	4 	180	200	7310	11310
绍兴	安昌镇	逸	DTY	一口价	0	4 	180	200	7311	11311
绍兴	马鞍镇	逸	DTY	一口价	0	4 	180	200	7312	11312
绍兴	柯岩街道	逸	DTY	一口价	0	4 	192	216	7313	11313
绍兴	福全镇	逸	DTY	一口价	0	4 	192	216	7314	11314
绍兴	灵芝镇	逸	DTY	一口价	0	4 	192	216	7315	11315
绍兴	东浦镇	逸	DTY	一口价	0	4 	192	216	7316	11316
绍兴	马山镇	逸	DTY	一口价	0	4 	192	216	7317	11317
绍兴	斗门镇	逸	DTY	一口价	0	4 	192	216	7318	11318
绍兴	袍江工业区	逸	DTY	一口价	0	4 	192	216	7319	11319
绍兴	兰亭镇	逸	DTY	一口价	0	4 	212	232	7320	11320
绍兴	漓渚镇	逸	DTY	一口价	0	4 	212	232	7321	11321
绍兴	富盛镇	逸	DTY	一口价	0	4 	212	232	7322	11322
绍兴	陶堰镇	逸	DTY	一口价	0	4 	212	232	7323	11323
绍兴	东湖镇	逸	DTY	一口价	0	4 	212	232	7324	11324
绍兴	鉴湖镇	逸	DTY	一口价	0	4 	212	232	7325	11325
绍兴	皋埠镇	逸	DTY	一口价	0	4 	212	232	7326	11326
绍兴	孙端镇	逸	DTY	一口价	0	4 	232	264	7327	11327
绍兴	钱清	逸	DTY	按单价	4 	9999 	37	42	7328	11328
绍兴	杨汛桥	逸	DTY	按单价	4 	9999 	37	42	7329	11329
绍兴	华舍	逸	DTY	按单价	4 	9999 	43	48	7330	11330
绍兴	夏履	逸	DTY	按单价	4 	9999 	43	48	7331	11331
绍兴	柯桥街道	逸	DTY	按单价	4 	9999 	45	50	7332	11332
绍兴	湖塘街道	逸	DTY	按单价	4 	9999 	45	50	7333	11333
绍兴	齐贤镇	逸	DTY	按单价	4 	9999 	45	50	7334	11334
绍兴	马鞍镇	逸	DTY	按单价	4 	9999 	45	50	7335	11335
绍兴	安昌镇	逸	DTY	按单价	4 	9999 	45	50	7336	11336
绍兴	柯岩街道	逸	DTY	按单价	4 	9999 	48	54	7337	11337
绍兴	福全镇	逸	DTY	按单价	4 	9999 	48	54	7338	11338
绍兴	灵芝镇	逸	DTY	按单价	4 	9999 	48	54	7339	11339
绍兴	东浦镇	逸	DTY	按单价	4 	9999 	48	54	7340	11340
绍兴	马山镇	逸	DTY	按单价	4 	9999 	48	54	7341	11341
绍兴	斗门镇	逸	DTY	按单价	4 	9999 	48	54	7342	11342
绍兴	袍江工业区	逸	DTY	按单价	4 	9999 	48	54	7343	11343
绍兴	兰亭镇	逸	DTY	按单价	4 	9999 	53	58	7344	11344
绍兴	漓渚镇	逸	DTY	按单价	4 	9999 	53	58	7345	11345
绍兴	富盛镇	逸	DTY	按单价	4 	9999 	53	58	7346	11346
绍兴	陶堰镇	逸	DTY	按单价	4 	9999 	53	58	7347	11347
绍兴	东湖镇	逸	DTY	按单价	4 	9999 	53	58	7348	11348
绍兴	鉴湖镇	逸	DTY	按单价	4 	9999 	53	58	7349	11349
绍兴	皋埠镇	逸	DTY	按单价	4 	9999 	53	58	7350	11350
绍兴	孙端镇	逸	DTY	按单价	4 	9999 	58	66	7351	11351
诸暨	次坞镇	逸	DTY	一口价	0	4 	272	300	7352	11352
诸暨	枫桥镇	逸	DTY	一口价	0	4 	272	300	7353	11353
诸暨	店口镇	逸	DTY	一口价	0	4 	272	300	7354	11354
诸暨	东和乡	逸	DTY	一口价	0	4 	300	340	7355	11355
诸暨	东白湖镇	逸	DTY	一口价	0	4 	300	340	7356	11356
诸暨	善终	逸	DTY	一口价	0	4 	300	340	7357	11357
诸暨	岭北镇	逸	DTY	一口价	0	4 	300	340	7358	11358
诸暨	陈宅镇	逸	DTY	一口价	0	4 	300	340	7359	11359
诸暨	璜山镇	逸	DTY	一口价	0	4 	300	340	7360	11360
诸暨	街亭镇	逸	DTY	一口价	0	4 	300	340	7361	11361
诸暨	安华镇	逸	DTY	一口价	0	4 	300	340	7362	11362
诸暨	同山镇	逸	DTY	一口价	0	4 	300	340	7363	11363
诸暨	牌头镇	逸	DTY	一口价	0	4 	300	340	7364	11364
诸暨	王家井镇	逸	DTY	一口价	0	4 	300	340	7365	11365
诸暨	草塔镇	逸	DTY	一口价	0	4 	300	340	7366	11366
诸暨	五泄镇	逸	DTY	一口价	0	4 	300	340	7367	11367
诸暨	马剑镇	逸	DTY	一口价	0	4 	300	340	7368	11368
诸暨	赵家镇	逸	DTY	一口价	0	4 	300	340	7369	11369
诸暨	山下湖镇	逸	DTY	一口价	0	4 	300	340	7370	11370
诸暨	江藻镇	逸	DTY	一口价	0	4 	300	340	7371	11371
诸暨	直埠镇	逸	DTY	一口价	0	4 	300	340	7372	11372
诸暨	阮市镇	逸	DTY	一口价	0	4 	300	340	7373	11373
诸暨	应店街镇	逸	DTY	一口价	0	4 	300	340	7374	11374
诸暨	大唐镇	逸	DTY	一口价	0	4 	300	340	7375	11375
诸暨	陶朱街道	逸	DTY	一口价	0	4 	300	340	7376	11376
诸暨	浣东街道	逸	DTY	一口价	0	4 	300	340	7377	11377
诸暨	暨阳街道	逸	DTY	一口价	0	4 	300	340	7378	11378
诸暨	次坞镇	逸	DTY	按单价	4 	9999 	68	75	7379	11379
诸暨	枫桥镇	逸	DTY	按单价	4 	9999 	68	75	7380	11380
诸暨	店口镇	逸	DTY	按单价	4 	9999 	68	75	7381	11381
诸暨	东和乡	逸	DTY	按单价	4 	9999 	75	85	7382	11382
诸暨	东白湖镇	逸	DTY	按单价	4 	9999 	75	85	7383	11383
诸暨	善终	逸	DTY	按单价	4 	9999 	75	85	7384	11384
诸暨	岭北镇	逸	DTY	按单价	4 	9999 	75	85	7385	11385
诸暨	陈宅镇	逸	DTY	按单价	4 	9999 	75	85	7386	11386
诸暨	璜山镇	逸	DTY	按单价	4 	9999 	75	85	7387	11387
诸暨	街亭镇	逸	DTY	按单价	4 	9999 	75	85	7388	11388
诸暨	安华镇	逸	DTY	按单价	4 	9999 	75	85	7389	11389
诸暨	同山镇	逸	DTY	按单价	4 	9999 	75	85	7390	11390
诸暨	牌头镇	逸	DTY	按单价	4 	9999 	75	85	7391	11391
诸暨	王家井镇	逸	DTY	按单价	4 	9999 	75	85	7392	11392
诸暨	草塔镇	逸	DTY	按单价	4 	9999 	75	85	7393	11393
诸暨	五泄镇	逸	DTY	按单价	4 	9999 	75	85	7394	11394
诸暨	马剑镇	逸	DTY	按单价	4 	9999 	75	85	7395	11395
诸暨	赵家镇	逸	DTY	按单价	4 	9999 	75	85	7396	11396
诸暨	山下湖镇	逸	DTY	按单价	4 	9999 	75	85	7397	11397
诸暨	江藻镇	逸	DTY	按单价	4 	9999 	75	85	7398	11398
诸暨	直埠镇	逸	DTY	按单价	4 	9999 	75	85	7399	11399
诸暨	阮市镇	逸	DTY	按单价	4 	9999 	75	85	7400	11400
诸暨	应店街镇	逸	DTY	按单价	4 	9999 	75	85	7401	11401
诸暨	大唐镇	逸	DTY	按单价	4 	9999 	75	85	7402	11402
诸暨	陶朱街道	逸	DTY	按单价	4 	9999 	75	85	7403	11403
诸暨	浣东街道	逸	DTY	按单价	4 	9999 	75	85	7404	11404
诸暨	暨阳街道	逸	DTY	按单价	4 	9999 	75	85	7405	11405
嘉兴	南湖	逸	DTY	一口价	0	4 	300	340	7406	11406
嘉兴	秀洲	逸	DTY	一口价	0	4 	300	340	7407	11407
嘉兴	海盐	逸	DTY	一口价	0	4 	300	340	7408	11408
嘉兴	嘉善	逸	DTY	一口价	0	4 	300	340	7409	11409
嘉兴	平湖	逸	DTY	一口价	0	4 	300	340	7410	11410
嘉兴	海宁	逸	DTY	一口价	0	4 	280	340	7411	11411
嘉兴	桐乡	逸	DTY	一口价	0	4 	280	340	7412	11412
嘉兴	南湖	逸	DTY	按单价	4 	9999 	75	85	7413	11413
嘉兴	秀洲	逸	DTY	按单价	4 	9999 	75	85	7414	11414
嘉兴	海盐	逸	DTY	按单价	4 	9999 	75	85	7415	11415
嘉兴	嘉善	逸	DTY	按单价	4 	9999 	75	85	7416	11416
嘉兴	平湖	逸	DTY	按单价	4 	9999 	75	85	7417	11417
嘉兴	海宁	逸	DTY	按单价	4 	9999 	70	85	7418	11418
嘉兴	桐乡	逸	DTY	按单价	4 	9999 	70	85	7419	11419
杭州	余杭	逸	DTY	一口价	0	4 	240	280	7420	11420
杭州	下沙	逸	DTY	一口价	0	4 	200	240	7421	11421
杭州	淳安	逸	DTY	一口价	0	4 	480	520	7422	11422
杭州	建德	逸	DTY	一口价	0	4 	480	520	7423	11423
杭州	临安	逸	DTY	一口价	0	4 	320	360	7424	11424
杭州	富阳	逸	DTY	一口价	0	4 	320	360	7425	11425
绍兴	新昌	逸	DTY	一口价	0	4 	360	400	7426	11426
绍兴	嵊州	逸	DTY	一口价	0	4 	360	400	7427	11427
绍兴	上虞	逸	DTY	一口价	0	4 	260	320	7428	11428
慈溪	周巷镇	逸	DTY	一口价	0	4 	280	320	7429	11429
慈溪	长河镇	逸	DTY	一口价	0	4 	280	320	7430	11430
慈溪	天元镇	逸	DTY	一口价	0	4 	280	320	7431	11431
慈溪	庵东镇	逸	DTY	一口价	0	4 	280	320	7432	11432
慈溪	崇寿镇	逸	DTY	一口价	0	4 	280	320	7433	11433
慈溪	横河镇	逸	DTY	一口价	0	4 	280	320	7434	11434
慈溪	胜山镇	逸	DTY	一口价	0	4 	280	320	7435	11435
慈溪	新浦镇	逸	DTY	一口价	0	4 	280	320	7436	11436
慈溪	逍林镇	逸	DTY	一口价	0	4 	280	320	7437	11437
慈溪	匡堰镇	逸	DTY	一口价	0	4 	280	320	7438	11438
慈溪	桥头镇	逸	DTY	一口价	0	4 	280	320	7439	11439
慈溪	附海镇	逸	DTY	一口价	0	4 	280	320	7440	11440
慈溪	观海卫镇	逸	DTY	一口价	0	4 	280	320	7441	11441
慈溪	掌起镇	逸	DTY	一口价	0	4 	280	320	7442	11442
慈溪	范市镇	逸	DTY	一口价	0	4 	280	320	7443	11443
慈溪	三北镇	逸	DTY	一口价	0	4 	280	320	7444	11444
慈溪	龙山镇	逸	DTY	一口价	0	4 	280	320	7445	11445
慈溪	坎墩街道	逸	DTY	一口价	0	4 	280	320	7446	11446
慈溪	宗汉街道	逸	DTY	一口价	0	4 	280	320	7447	11447
慈溪	浒山街道	逸	DTY	一口价	0	4 	280	320	7448	11448
宁波		逸	DTY	一口价	0	4 	320	360	7449	11449
金华	义乌	逸	DTY	一口价	0	4 	340	380	7450	11450
金华	浦江	逸	DTY	一口价	0	4 	340	380	7451	11451
金华		逸	DTY	一口价	0	4 	400	440	7452	11452
台州		逸	DTY	一口价	0	4 	480	520	7453	11453
衢州	龙游	逸	DTY	一口价	0	4 	480	520	7454	11454
湖州		逸	DTY	一口价	0	4 	280	320	7455	11455
温州		逸	DTY	一口价	0	4 	680	720	7456	11456
温州	平阳	逸	DTY	一口价	0	4 	800	880	7457	11457
温州	苍南	逸	DTY	一口价	0	4 	800	880	7458	11458
温州	瑞安	逸	DTY	一口价	0	4 	720	760	7459	11459
上海		逸	DTY	一口价	0	4 	380	420	7460	11460
上海	崇明县	逸	DTY	一口价	0	4 	780	840	7461	11461
上海	闵行	逸	DTY	一口价	0	4 	560	640	7462	11462
上海	嘉定	逸	DTY	一口价	0	4 	580	680	7463	11463
上海	南汇	逸	DTY	一口价	0	4 	560	640	7464	11464
杭州	余杭	逸	DTY	按单价	4 	9999 	60	70	7465	11465
杭州	下沙	逸	DTY	按单价	4 	9999 	50	60	7466	11466
杭州	淳安	逸	DTY	按单价	4 	9999 	120	130	7467	11467
杭州	建德	逸	DTY	按单价	4 	9999 	120	130	7468	11468
杭州	临安	逸	DTY	按单价	4 	9999 	80	90	7469	11469
杭州	富阳	逸	DTY	按单价	4 	9999 	80	90	7470	11470
绍兴	新昌	逸	DTY	按单价	4 	9999 	90	100	7471	11471
绍兴	嵊州	逸	DTY	按单价	4 	9999 	90	100	7472	11472
绍兴	上虞	逸	DTY	按单价	4 	9999 	65	80	7473	11473
慈溪	周巷镇	逸	DTY	按单价	4 	9999 	70	80	7474	11474
慈溪	长河镇	逸	DTY	按单价	4 	9999 	70	80	7475	11475
慈溪	天元镇	逸	DTY	按单价	4 	9999 	70	80	7476	11476
慈溪	庵东镇	逸	DTY	按单价	4 	9999 	70	80	7477	11477
慈溪	崇寿镇	逸	DTY	按单价	4 	9999 	70	80	7478	11478
慈溪	横河镇	逸	DTY	按单价	4 	9999 	70	80	7479	11479
慈溪	胜山镇	逸	DTY	按单价	4 	9999 	70	80	7480	11480
慈溪	新浦镇	逸	DTY	按单价	4 	9999 	70	80	7481	11481
慈溪	逍林镇	逸	DTY	按单价	4 	9999 	70	80	7482	11482
慈溪	匡堰镇	逸	DTY	按单价	4 	9999 	70	80	7483	11483
慈溪	桥头镇	逸	DTY	按单价	4 	9999 	70	80	7484	11484
慈溪	附海镇	逸	DTY	按单价	4 	9999 	70	80	7485	11485
慈溪	观海卫镇	逸	DTY	按单价	4 	9999 	70	80	7486	11486
慈溪	掌起镇	逸	DTY	按单价	4 	9999 	70	80	7487	11487
慈溪	范市镇	逸	DTY	按单价	4 	9999 	70	80	7488	11488
慈溪	三北镇	逸	DTY	按单价	4 	9999 	70	80	7489	11489
慈溪	龙山镇	逸	DTY	按单价	4 	9999 	70	80	7490	11490
慈溪	坎墩街道	逸	DTY	按单价	4 	9999 	70	80	7491	11491
慈溪	宗汉街道	逸	DTY	按单价	4 	9999 	70	80	7492	11492
慈溪	浒山街道	逸	DTY	按单价	4 	9999 	70	80	7493	11493
宁波		逸	DTY	按单价	4 	9999 	80	90	7494	11494
金华	义乌	逸	DTY	按单价	4 	9999 	85	95	7495	11495
金华	浦江	逸	DTY	按单价	4 	9999 	85	95	7496	11496
金华		逸	DTY	按单价	4 	9999 	100	110	7497	11497
台州		逸	DTY	按单价	4 	9999 	120	130	7498	11498
衢州	龙游	逸	DTY	按单价	4 	9999 	120	130	7499	11499
湖州		逸	DTY	按单价	4 	9999 	70	80	7500	11500
温州		逸	DTY	按单价	4 	9999 	170	180	7501	11501
温州	平阳	逸	DTY	按单价	4 	9999 	200	220	7502	11502
温州	苍南	逸	DTY	按单价	4 	9999 	200	220	7503	11503
温州	瑞安	逸	DTY	按单价	4 	9999 	180	200	7504	11504
上海		逸	DTY	按单价	4 	9999 	95	105	7505	11505
上海	崇明县	逸	DTY	按单价	4 	9999 	195	210	7506	11506
上海	闵行	逸	DTY	按单价	4 	9999 	140	160	7507	11507
上海	嘉定	逸	DTY	按单价	4 	9999 	145	170	7508	11508
上海	南汇	逸	DTY	按单价	4 	9999 	140	160	7509	11509
江苏	吴江	逸	DTY	一口价	0	3 	270	300	7510	11510
江苏	苏州	逸	DTY	一口价	0	3 	300	330	7511	11511
江苏	太仓	逸	DTY	一口价	0	3 	300	330	7512	11512
江苏	无锡	逸	DTY	一口价	0	3 	300	330	7513	11513
江苏	张家港	逸	DTY	一口价	0	3 	300	330	7514	11514
江苏	江阴	逸	DTY	一口价	0	3 	300	330	7515	11515
江苏	常熟	逸	DTY	一口价	0	3 	300	330	7516	11516
江苏	昆山	逸	DTY	一口价	0	3 	300	330	7517	11517
江苏	常州	逸	DTY	一口价	0	3 	360	390	7518	11518
江苏	南京	逸	DTY	一口价	0	3 	450	495	7519	11519
江苏	镇江市	逸	DTY	一口价	0	3 	480	525	7520	11520
江苏	南通海安	逸	DTY	一口价	0	3 	510	570	7521	11521
江苏	南通海门	逸	DTY	一口价	0	3 	510	570	7522	11522
江苏	扬州市	逸	DTY	一口价	0	3 	510	555	7523	11523
江苏	泰州	逸	DTY	一口价	0	3 	540	585	7524	11524
江苏	泰兴	逸	DTY	一口价	0	3 	540	585	7525	11525
江苏	淮安盱眙	逸	DTY	一口价	0	3 	540	585	7526	11526
江苏	宿迁	逸	DTY	一口价	0	3 	570	615	7527	11527
江苏	南通崇川	逸	DTY	一口价	0	3 	510	570	7528	11528
江苏	南通港闸	逸	DTY	一口价	0	3 	510	570	7529	11529
江苏	丹阳	逸	DTY	一口价	0	3 	570	615	7530	11530
江苏	徐州	逸	DTY	一口价	0	3 	600	660	7531	11531
江苏	南通启东	逸	DTY	一口价	0	3 	540	600	7532	11532
江苏	南通如东	逸	DTY	一口价	0	3 	540	600	7533	11533
江苏	南通如皋	逸	DTY	一口价	0	3 	540	600	7534	11534
江苏	南通通州	逸	DTY	一口价	0	3 	540	600	7535	11535
江苏	盐城市	逸	DTY	一口价	0	3 	660	720	7536	11536
江苏	连云港市	逸	DTY	一口价	0	3 	690	750	7537	11537
江苏	吴江	逸	DTY	按单价	3	12 	90	100	7538	11538
江苏	苏州	逸	DTY	按单价	3	12 	100	110	7539	11539
江苏	太仓	逸	DTY	按单价	3	12 	100	110	7540	11540
江苏	无锡	逸	DTY	按单价	3	12 	100	110	7541	11541
江苏	张家港	逸	DTY	按单价	3	12 	100	110	7542	11542
江苏	江阴	逸	DTY	按单价	3	12 	100	110	7543	11543
江苏	常熟	逸	DTY	按单价	3	12 	100	110	7544	11544
江苏	昆山	逸	DTY	按单价	3	12 	100	110	7545	11545
江苏	常州	逸	DTY	按单价	3	12 	120	130	7546	11546
江苏	南京	逸	DTY	按单价	3	12 	150	165	7547	11547
江苏	镇江市	逸	DTY	按单价	3	12 	160	175	7548	11548
江苏	南通海安	逸	DTY	按单价	3	12 	170	190	7549	11549
江苏	南通海门	逸	DTY	按单价	3	12 	170	190	7550	11550
江苏	扬州市	逸	DTY	按单价	3	12 	170	185	7551	11551
江苏	泰州	逸	DTY	按单价	3	12 	180	195	7552	11552
江苏	泰兴	逸	DTY	按单价	3	12 	180	195	7553	11553
江苏	淮安盱眙	逸	DTY	按单价	3	12 	180	195	7554	11554
江苏	宿迁	逸	DTY	按单价	3	12 	190	205	7555	11555
江苏	南通崇川	逸	DTY	按单价	3	12 	170	190	7556	11556
江苏	南通港闸	逸	DTY	按单价	3	12 	170	190	7557	11557
江苏	丹阳	逸	DTY	按单价	3	12 	190	205	7558	11558
江苏	徐州	逸	DTY	按单价	3	12 	200	220	7559	11559
江苏	南通启东	逸	DTY	按单价	3	12 	180	200	7560	11560
江苏	南通如东	逸	DTY	按单价	3	12 	180	200	7561	11561
江苏	南通如皋	逸	DTY	按单价	3	12 	180	200	7562	11562
江苏	南通通州	逸	DTY	按单价	3	12 	180	200	7563	11563
江苏	盐城市	逸	DTY	按单价	3	12 	220	240	7564	11564
江苏	连云港市	逸	DTY	按单价	3	12 	230	250	7565	11565
江苏	吴江	逸	DTY	按单价	12	9999 	70	85	7566	11566
江苏	苏州	逸	DTY	按单价	12	9999 	80	90	7567	11567
江苏	太仓	逸	DTY	按单价	12	9999 	87	95	7568	11568
江苏	无锡	逸	DTY	按单价	12	9999 	90	100	7569	11569
江苏	张家港	逸	DTY	按单价	12	9999 	90	100	7570	11570
江苏	江阴	逸	DTY	按单价	12	9999 	90	100	7571	11571
江苏	常熟	逸	DTY	按单价	12	9999 	90	100	7572	11572
江苏	昆山	逸	DTY	按单价	12	9999 	90	100	7573	11573
江苏	常州	逸	DTY	按单价	12	9999 	100	110	7574	11574
江苏	南京	逸	DTY	按单价	12	9999 	125	135	7575	11575
江苏	镇江市	逸	DTY	按单价	12	9999 	140	150	7576	11576
江苏	南通海安	逸	DTY	按单价	12	9999 	165	180	7577	11577
江苏	南通海门	逸	DTY	按单价	12	9999 	165	180	7578	11578
江苏	扬州市	逸	DTY	按单价	12	9999 	150	165	7579	11579
江苏	泰州	逸	DTY	按单价	12	9999 	160	175	7580	11580
江苏	泰兴	逸	DTY	按单价	12	9999 	160	175	7581	11581
江苏	淮安盱眙	逸	DTY	按单价	12	9999 	165	180	7582	11582
江苏	宿迁	逸	DTY	按单价	12	9999 	170	185	7583	11583
江苏	南通崇川	逸	DTY	按单价	12	9999 	165	180	7584	11584
江苏	南通港闸	逸	DTY	按单价	12	9999 	165	180	7585	11585
江苏	丹阳	逸	DTY	按单价	12	9999 	170	190	7586	11586
江苏	徐州	逸	DTY	按单价	12	9999 	170	200	7587	11587
江苏	南通启东	逸	DTY	按单价	12	9999 	170	190	7588	11588
江苏	南通如东	逸	DTY	按单价	12	9999 	170	190	7589	11589
江苏	南通如皋	逸	DTY	按单价	12	9999 	170	190	7590	11590
江苏	南通通州	逸	DTY	按单价	12	9999 	170	190	7591	11591
江苏	盐城市	逸	DTY	按单价	12	9999 	185	200	7592	11592
江苏	连云港市	逸	DTY	按单价	12	9999 	215	235	7593	11593
